2,数量,ISBN,,非卖,位置,书名,定价,出版社,作者,出版时间,语言,一级分类,二级分类,简介,推荐人,渠道,绝版,,,,,,,,,,,,,
,2,9787112178711,,,,“有机”的秩序与“材料的本性”——弗兰克·劳埃德·赖特,,,,,,,,,,,,,,,,,,,,,,,,
,1,9787112137879,,,,20世纪世界建筑史,,,,,,,,,,,,,,,,,,,,,,,,
,3,9787520712569 ,,,墩子2 书架1,B代表包豪斯：现代设计私人词典,,,,,,,,,,,,,,,,,,,,,,,,
,3,9787520712798,,,墩子2 抽屉1,C城市的语言 The Language of Cities,,,,,,,,,,,,,,,,,,,,,,,,
,3,9787508361864 ,,,,Cecil Balmond，塞西尔·巴尔蒙德,,,,,,,,,,,,,,,,,,,,,,,,
,1,9787521701524 ,,,,d design 爱知,,,,,,,,,,,,,,,,,,,,,,,,
,2,9787508694597 ,,,,d design 冲绳,,,,,,,,,,,,,,,,,,,,,,,,
,5,9787508697192 ,,,,d design 东京,,,,,,,,,,,,,,,,,,,,,,,,
,1,9787521701593 ,,,,d design 福冈,,,,,,,,,,,,,,,,,,,,,,,,
,6,9787508686677 ,,,,d design 京都,,,,,,,,,,,,,,,,,,,,,,,,
,6,9787508690896 ,,,,d design 奈良,,,,,,,,,,,,,,,,,,,,,,,,
,2,9787508698052 ,,,,d design 岐阜,,,,,,,,,,,,,,,,,,,,,,,,
,2,9787521714814 ,,,,d design 山形,,,,,,,,,,,,,,,,,,,,,,,,
,5,9787513921701 ,,,,D&DEPARTMENT开店术,,,,,,,,,,,,,,,,,,,,,,,,
,1,9787568915106 ,,,,J.J.P.奥德谈荷兰建筑,,,,,,,,,,,,,,,,,,,,,,,,
,1,9787513324083 ,,,,阿达想当科学家,,,,,,,,,,,,,,,,,,,,,,,,
,3,9787100094214 ,,,,巴黎，19世纪的首都,,,,,,,,,,,,,,,,,,,,,,,,
,0,9787108052025 ,,,,巴黎的忧郁,,,,,,,,,,,,,,,,,,,,,,,,
,1,9787540492236 ,,,,巴黎的忧郁（精装）,,,,,,,,,,,,,,,,,,,,,,,,
,2,9787544722254 ,,,,卡尔维诺经典：巴黎隐士,,,,,,,,,,,,,,,,,,,,,,,,
,3,9787532176953 ,,,书架2 抽屉1,把自己作为方法,,,,,,,,,,,,,,,,,,,,,,,,
,1,9787540492236 ,,,书架2,柏林：一座城市的肖像,,,,,,,,,,,,,,,,,,,,,,,,
,1,9787559605689 ,,,,班门：方,,,,,,,,,,,,,,,,,,,,,,,,
,1,9787559605955 ,,,,班门：圆,,,,,,,,,,,,,,,,,,,,,,,,
,2,9787559640826 ,,,,班门·第四辑·地铁metro,,,,,,,,,,,,,,,,,,,,,,,,
,1,9787536269859 ,,,,包豪斯剧场,,,,,,,,,,,,,,,,,,,,,,,,
,1,9787568916394 ,,,,包豪斯舞台,,,,,,,,,,,,,,,,,,,,,,,,
,2,9787562473213 ,,,,从包豪斯到我们的豪斯,,,,,,,,,,,,,,,,,,,,,,,,
,1,9787560865751 ,,,,鲍立克在上海,,,,,,,,,,,,,,,,,,,,,,,,
,1,9787513329187 ,,,,北京的城墙和城门,,,,,,,,,,,,,,,,,,,,,,,,
,2,9787108030863 ,,,架上+（0，3）,北京跑酷,,,,,,,,,,,,,,,,,,,,,,,,
,1,9787530220016 ,,,,北京西郊故事集,,,,,,,,,,,,,,,,,,,,,,,,
,2,9787300238272 ,,,,北京：公共空间和城市生活（1400-1900）「上+下」,,,,,,,,,三联,,,,,,,,,,,,,,,
,1,9787568909334 ,,,,被误解的包豪斯,,,,,,,,,,,,,,,,,,,,,,,,
,2,9787561397602 ,,,,本地,,,,,,,,,,,,,,,,,,,,,,,,
,1,9787302504375 ,,,,本土东京,,,,,,,,,,,,,,,,,,,,,,,,
,1,9787568904704 ,,,,比特城市,,,,,,,,,,,,,,,,,,,,,,,,
,1,9787556116621 ,,,,不思议图书馆,,,,,,,,,,,,,,,,,,,,,,,,
,2,9787562494676 ,,,,不只是居住,,,,,,,,,,,,,,,,,,,,,,,,
,3,9787101124842 ,,,,不只中国木建筑,,,,,,,,,,,,,,,,,,,,,,,,
,1,9787540492236 ,,,,布鲁内莱斯基的穹顶：圣母百花大教堂的传奇,,,,,,,,,,,,,,,,,,,,,,,,
,0,9787102073668 ,,,,布鲁塞,,,,,,,,,,,,,,,,,,,,,,,,
,1,9787508670331 ,,,,布满贫民窟的星球,,,,,,,,,,,,,,,,,,,,,,,,
,1,9787509712498 ,,,,茶馆：成都的公共生活和微观世界（1900-1950）,,,,,,,,,,,,,,,,,,,,,,,,
,1,9787521705515 ,,,,禅宗花园,,,,,,,,,,,,,,,,,,,,,,,,
,2,9787520136181 ,,,,场景：空间品质如歌塑造社会生活,,,,,,,,,,,,,,,,,,,,,,,,
,1,9787560960791 ,,,,场所精神：迈向建筑现象学,,,,,,,,,,,,,,,,,,,,,,,,
,1,9787305209888 ,,,,敞开：人与动物,,,,,,,,,,,,,,,,,,,,,,,,
,1,9787305216671 ,,,,美学中的不满,,,,,,,,,,,,,,,,,,,,,,,,
,2,9787521709209 ,,,,超级思维：人类和计算机一起思考的惊人力量,,,,,,,,,,,,,,,,,,,,,,,,
,2,9787559816672 ,,,,城邦变形记,,,,,,,,,,,,,,,,,,,,,,,,
,2,9787100165518 ,,,,城市、地域、星球：批判城市理论,,,,,,,,,,,,,,,,,,,,,,,,
,2,9787229128104 ,,,,城市的精神：全球化时代城市何以安顿我们,,,,,,,,,,,,,,,,,,,,,,,,
,1,9787214112569 ,,,,城市里的陌生人：中国流动人口的空间、权力与社会网络的重构,,,,,,,,,,,,,,,,,,,,,,,,
,2,9787510469992 ,,,,城市里的野蛮人：如何在现代城市里健康生活,,,,,,,,,,,,,,,,,,,,,,,,
,1,9787508686844 ,,,,城市社会学,,,,,,,,,,,,,,,,,,,,,,,,
,1,9787564160401 ,,,,城市社会艺术史拾遗,,,,,,,,,,,,,,,,,,,,,,,,
,1,9787544852210 ,,,,城市是怎样运转的,,,,,,,,,,,,,,,,,,,,,,,,
,1,9787549936397 ,,,,城市研究核心概念,,,,,,,,,,,,,,,,,,,,,,,,
,1,9787508091884 ,,,,城市意象,,,,,,,,,,,,,,,,,,,,,,,,
,2,9787521702927 ,,,,城市与压力：为什么我们会被城市吸引，又想逃离,,,,,,,,,,,,,,,,,,,,,,,,
,2,9787208131170 ,,,,城市秩序：城市、文化与权力导论,,,,,,,,,,,,,,,,,,,,,,,,
,1,9787112138272 ,,,,城市日常生活,,,,,,,,,,,,,,,,,,,,,,,,
,2,9787515517537 ,,,,抽象与移情,,,,,,,,,,,,,,,,,,,,,,,,
,2,9787563390939 ,,,,穿墙透壁,,,,,,,,,,,,,,,,,,,,,,,,
,1,9787560862699 ,,,,画语营城：DC建筑的文化绘本,,,,,,,,,,,,,,,,,,,,,,,,
,2,9787560879048 ,,,,人本建筑：潘冀联合建筑师事务所的建筑实践,,,,,,,,,,,,,,,,,,,,,,,,
,0,9787556838493 ,,,,窗,,,,,,,,,,,,,,,,,,,,,,,,
,2,9787521711066 ,,,,创造未来城市,,,,,,,,,,,,,,,,,,,,,,,,
,1,9787540492236 ,,,,从大都到上都,,,,,,,,,,,,,,,,,,,,,,,,
,1,9787112214716 ,,,,从绘图到建筑物的翻译及其他文章,,,,,,,,,,,,,,,,,,,,,,,,
,1,9787559638250 ,,,,从那霸到上海,,,,,,,,,,,,,,,,,,,,,,,,
,1,9787532176120 ,,,,单读24：走出孤岛,,,,,,,,,,,,,,,,,,,,,,,,
,1,9787559827944 ,,,,当代艺术的十九副面孔：大师与我们的时代,,,,,,,,,,,,,,,,,,,,,,,,
,1,9787208140622 ,,,,当工作消失时：城市新穷人的世界,,,,,,,,,,,,,,,,,,,,,,,,
,4,9787540453992 ,,,书架1 抽屉3,岛屿书,,,,,,,,,,,,,,,,,,,,,,,,
,1,9787564155605 ,,,,维多利亚哥特与中国现代志异,,,,,,,,,,,,,,,,,,,,,,,,
,4,9787309142594 ,,,书架2 抽屉2,地理媒介：网络化城市与公共空间的未来,,,,,,,,,,,,,,,,,,,,,,,,
,1,9787221115348 ,,,,地图 人文版,,,,,,,,,,,,,,,,,,,,,,,,
,1,9787221148551 ,,,,地图 人文版,,,,,,,,,,,,,,,,,,,,,,,,
,4,9787514617863 ,,,,灯塔之书,,,,,,,,,,,,,,,,,,,,,,,,
,1,9787108052780 ,,,,癫狂的纽约：给曼哈顿补写的宣言,,,,,,,,,Local本地,,,,,,,,,,,,,,,
,3,9787568905671 ,,,,点线面,,,,,,,,,,,,,,,,,,,,,,,,
,1,9787532773107 ,,,,东北游记,,,,,,,,,,,,,,,,,,,,,,,,
,1,9787559621924 ,,,,东方游记 Le Voyage d'Orient,,,,,,,,,,,,,,,,,,,,,,,,
,2,9787108065742 ,,,,东方学,,,,,,,,,,,,,,,,,,,,,,,,
,1,9787208139008 ,,,,东京本屋,,,,,,,,,,,,,,,,,,,,,,,,
,1,9787112220922 ,,,,东京的空间人类学,,,,,,,,,,,,,,,,,,,,,,,,
,1,9787532756278 ,,TRUE,,东京见便录,,,,,,,,,,,,,,,,,,,,,,,,
,0,9787521708660 ,,,,东京老铺,,,,,,,,,,,,,,,,,,,,,,,,
,1,9787521704204 ,,,,东京艺术之旅：建筑,,,,,,,,,,,,,,,,,,,,,,,,
,1,9787535684127 ,,,,东南园墅,,,,,,,,,,,,,,,,,,,,,,,,
,3,9787542664051 ,,,,冬泳,,,,,,,,,,,,,,,,,,,,,,,,
,1,9787561812976 ,,,,都市村庄,,,,,,,,,,,,,,,,,,,,,,,,
,2,9787565637148 ,,,,都市革命,,,,,,,,,,,,,,,,,,,,,,,,
,1,9787542629296 ,,,,都市空间与文化想象,,,,,,,,,,,,,,,,,,,,,,,,
,3,9787532148004 ,,,,繁花,,,,,,,,,,,,,,,,,,,,,,,,
,1,9787544756426 ,,,,仿生人会梦见电子羊么,,,,,,,,,,,,,,,,,,,,,,,,
,2,9787540492236 ,,,,访古寻城,,,,,,,,,,,,,,,,,,,,,,,,
,1,9787520137362 ,,,,非凡抄本寻访录,,,,,,,,,,,,,,,,,,,,,,,,
,1,9787559619433 ,,,,非平面,,,,,,,,,,,,,,,,,,,,,,,,
,2,9787807683070 ,,,,废品生活,,,,,,,,,,,,,,,,,,,,,,,,
,2,9787208143487 ,,,,废墟的故事,,,,,,,,,,,,,,,,,,,,,,,,
,1,9787561329474 ,,,,风格与时代,,,,,,,,,,,,,,,,,,,,,,,,
,1,9787219109861 ,,,,风险社会学,,,,,,,,,,,,,,,,,,,,,,,,
,1,9787560856742 ,,,,凤凰之家,,,,,,,,,,,,,,,,,,,,,,,,
,2,9787562473329 ,,,,缝纫机、蝙蝠伞邂逅于手术台：现代艺术新解,,,,,,,,,,,,,,,,,,,,,,,,
,1,9787550317031 ,,,,弗兰克·盖里传,,,,,,,,,,,,,,,,,,,,,,,,
,1,9787559433046 ,,,展板1,浮世理发馆,,,,,,,,,,,,,,,,,,,,,,,,
,1,9787208135208 ,,,展板1,浮世澡堂,,,,,,,,,,,,,,,,,,,,,,,,
,1,9787209043519 ,,,,负建筑,,,,,,,,,,,,,,,,,,,,,,,,
,2,9787559806093 ,,,,隔间：办公室进化史,,,,,,,,,,,,,,,,,,,,,,,,
,1,9787108067906 ,,,,给青年建筑师的信,,,,,,,,,,,,,,,,,,,,,,,,
,1,9787549950928 ,,,,工作空间,,,,,,,,,,,,,,,,,,,,,,,,
,1,9787547840931 ,,,,共建美丽家园,,,,,,,,,,,,,,,,,,,,,,,,
,3,9787559600097 ,,,,孤独的城市,,,,,,,,,,,,,,,,,,,,,,,,
,2,9787560860558 ,,,,古城新生,,,,,,,,,,,,,,,,,,,,,,,,
,1,9787112165384 ,,,,古典建筑的柱式规制,,,,,,,,,,,,,,,,,,,,,,,,
,3,9787559830166 ,,,,关键路径,,,,,,,,,,,,,,,,,,,,,,,,
,1,9787544473873 ,,,,关系性存在：超越自我与共同体,,,,,,,,,,,,,,,,,,,,,,,,
,4,9787549558575 ,,,书架2 抽屉2,观看之道,,,,,,,,,,,,,,,,,,,,,,,,
,4,9789860114300 ,,,,国父纪念馆建馆始末——王大闳的妥协与磨难,,,,,,,,,,,,,,,,,,,,,,,,
,2,9787510856693 ,,,,和纸之美,,,,,,,,,,,,,,,,,,,,,,,,
,1,9787112030491 ,,,,黑川纪章,,,,,,,,,,,,,,,,,,,,,,,,
,1,9787532176472 ,,,,后现代性下的生命与多重时间,,,,,,,,,,,,,,,,,,,,,,,,
,0,9787559627988 ,,,,花园里的哲学,,,,,,,,,,,,,,,,,,,,,,,,
,1,9787561841976 ,,,,华夏意匠,,,,,,,,,,,,,,,,,,,,,,,,
,0,9787550292710 ,,,,画家之眼,,,,,,,,,,,,,,,,,,,,,,,,
,1,9787532751549 ,,,,机场里的小旅行,,,,,,,,,,,,,,,,,,,,,,,,
,2,9787112182701 ,,,,肌肤之目,,,,,,,,,,,,,,,,,,,,,,,,
,2,9787521704709 ,,,,他者的消失,,,,,,,,,,,,,,,,,,,,,,,,
,1,9787521704693 ,,,,倦怠社会,,,,,,,,,,,,,,,,,,,,,,,,
,2,9787508697086 ,,,,爱欲之死,,,,,,,,,,,,,,,,,,,,,,,,
,2,9787521710571 ,,,,透明社会,,,,,,,,,,,,,,,,,,,,,,,,
,1,9787508696911 ,,,,在群中：数字媒体时代的大众心理学,,,,,,,,,,,,,,,,,,,,,,,,
,1,9787568908474 ,,,,时间的味道,,,,,,,,,,,,,,,,,,,,,,,,
,1,9787020145188 ,,,,健全的社会,,,,,,,,,,,,,,,,,,,,,,,,
,1,9787532174973 ,,,,基本收入,,,,,,,,,,,,,,,,,,,,,,,,
,0,9787532137497 ,,,,记忆的群岛,,,,,,,,,,,,,,,,,,,,,,,,
,1,9787514219753 ,,,,寂静的春天（平装）,,,,,,,,,,,,,,,,,,,,,,,,
,1,9787201126906 ,,,,寂静的春天（精装）,,,,,,,,,,,,,,,,,,,,,,,,
,2,9787513914994 ,,,,寂静的深度：霍珀画谈,,,,,,,,,,,,,,,,,,,,,,,,
,1,9787513319065 ,,,,家,46 ,,,,,,,,,,,,,,,,,,,,,,,
,1,9787567582224 ,,,,捡垃圾的人类学家,,,,,,,,,,,,,,,,,,,,,,,,
,1,9787561134399 ,,,,建构建筑手册,,,,,,,,,,,,,,,,,,,,,,,,
,0,9787549596690 ,,,,建筑，从那一天开始,,,,,,,,,,,,,,,,,,,,,,,,
,1,9787568045759 ,,,,建筑、空间与流动性,,,,,,,,,,,,,,,,,,,,,,,,
,0,,,,,建筑：形式、空间和秩序,,,,,,,,,,,,,,,,,,,,,,,,
,1,9787508433462 ,,,,建筑的复杂性与矛盾性（旧版）,,,,,,,,,,,,,,,,,,,,,,,,
,2,9787553771731 ,,,,建筑的复杂性与矛盾性（新版）,,,,,,,,,,,,,,,,,,,,,,,,
,2,9787559632777 ,,,,建筑的故事,,,,,,,,,,,,,,,,,,,,,,,,
,2,9787100111652 ,,,,建筑经典 1950-2000,,,,,,,,,,,,,,,,,,,,,,,,
,2,9787564129255 ,,,,建筑的诗学：对话坂本一成的思考,,,,,,,,,,,,,,,,,,,,,,,,
,1,9787112213337 ,,,,建筑的异样性：关于现代不寻常感的探寻,,,,,,,,,,,,,,,,,,,,,,,,
,1,9787515105666 ,,,,建筑改变日本,,,,,,,,,,,,,,,,,,,,,,,,
,1,9787560879703 ,,,,建筑构成学：建筑设计的方法,,,,,,,,,,,,,,,,,,,,,,,,
,2,9787521716573 ,,,,建筑家安藤忠雄,,,,,,,,,,,,,,,,,,,,,,,,
,1,9787559107053 ,,,,建筑的语言,,,,,,,,,,,,,,,,,,,,,,,,
,0,9787544296250 ,,,,建筑家猫,,,,,,,,,,,,,,,,,,,,,,,,
,1,9787302446965 ,,,,建筑空间动词表,,,,,,,,,,,,,,,,,,,,,,,,
,1,9787559200105 ,,,,建筑理论,,,,,,,,,,,,,,,,,,,,,,,,
,1,9787112165353 ,,,,建筑论——阿尔伯蒂建筑十书,,,,,,,,,,,,,,,,,,,,,,,,
,2,9787547832936 ,,,,建筑设计的1001种创意形式,,,,,,,,,,,,,,,,,,,,,,,,
,1,9787800117343 ,,,,建筑体验,,,,,,,,,,,,,,,,,,,,,,,,
,2,9787530494776 ,,,,建筑形式的逻辑概念,,,,,,,,,,,,,,,,,,,,,,,,
,1,9787112104642 ,,,,建筑学的教科书,,,,,,,,,,,,,,,,,,,,,,,,
,1,9787112120437 ,,,,建筑学的理论和历史,,,,,,,,,,,,,,,,,,,,,,,,
,1,9787561817032 ,,,,建筑学教程1：设计原理,,,,,,,,,,,,,,,,,,,,,,,,
,1,9787561817056 ,,,,建筑学教程2：空间与建筑师,,,,,,,,,,,,,,,,,,,,,,,,
,1,9787100110440 ,,,,建筑与现代性,,,,,,,,,,,,,,,,,,,,,,,,
,1,9787219109069 ,,,,建筑与虚无主义,,,,,,,,,,,,,,,,,,,,,,,,
,3,9787561118894 ,,,,建筑语汇,,,,,,,,,,,,,,,,,,,,,,,,
,1,9787112076826 ,,,,建筑元素,,,,,,,,,,,,,,,,,,,,,,,,
,2,9787532756728 ,,,,江城,,,,,,,,,,,,,,,,,,,,,,,,
,1,9787301174814 ,,,,江村经济,,,,,,,,,,,,,,,,,,,,,,,,
,1,9787549563012 ,,,,讲故事的人,,,,,,,,,,,,,,,,,,,,,,,,
,2,9787542643216 ,,,,叫魂,,,,,,,,,,,,,,,,,,,,,,,,
,1,9787100043946 ,,,,街角社会：一个意大利人贫民区的社会结构（汉译名著）,,商务出版社,,,,,,,,,,,,,,,,,,,,,,
,2,9787521706543 ,,,,结构是什么,,,,,,,,,,,,,,,,,,,,,,,,
,1,9787805015873 ,,,,解读建筑,,,,,,,,,,,,,,,,,,,,,,,,
,1,9787513323369 ,,,,今日店休,,,,,,,,,,,,,,,,,,,,,,,,
,1,9787807680673 ,,,,金翼：一个中国家族的史记,,,,,,,,,,,,,,,,,,,,,,,,
,1,9787553789682 ,,,,景观都市主义,,,,,,,,,,,,,,,,,,,,,,,,
,7,9787305175299 ,,,展板1 抽屉5 书架1,景观社会,,,,,,,,,,,,,,,,,,,,,,,,
,1,9787300279350 ,,,,九面之城,,,,,,,,,,,,,,,,,,,,,,,,
,1,9787547917954 ,,,,旧城胜景,,,,,,,,,,,,,,,,,,,,,,,,
,1,9787112138111 ,,,书架1,居住的概念——走向图形建筑,,,,,,,,,,,,,,,,,,,,,,,,
,1,9787568045100 ,,,,巨塔,,,,,,,,,,,,,,,,,,,,,,,,
,4,9787512210387 ,,,书架2 抽屉2,聚焦：摄影在中国,,,,,,,,,,,,,,,,,,,,,,,,
,1,9787101094855 ,,,,觉醒的历程：中华精神现象学大纲,,,,,,,,,,,,,,,,,,,,,,,,
,1,9787805018966 ,,,,觉醒的异度城市,,,,,,,,,,,,,,,,,,,,,,,,
,1,9787544722278 ,,,,看不见的城市,,,,,,,,,,,,,,,,,,,,,,,,
,2,9787535672407 ,,,书架2,看见与被看,,,,,,,,,,,,,,,,,,,,,,,,
,2,9787532777075 ,,,,康德与鸭嘴兽,,,,,,,,,,,,,,,,,,,,,,,,
,2,9787536087293 ,,,,考工记,,,,,,,,,,,,,,,,,,,,,,,,
,1,9787208145269 ,,,书架1,“空间“的美术史,,,,,,,,,,,,,,,,,,,,,,,,
,1,9787532761913 ,,,,空间的诗学,,,,,,,,,,,,,,,,,,,,,,,,
,2,9787112163311 ,,,,空间的回响 回响的空间,,,,,,,,,,,,,,,,,,,,,,,,
,2,9787208131415 ,,,,空间与政治（第二版）,,,,,,,,,,,,,,,,,,,,,,,,
,3,9787532165537 ,,,,空响炮,,,,,,,,,,,,,,,,,,,,,,,,
,2,9787530218587 ,,,,街道江湖,,,,,,,,,,,,,,,,,,,,,,,,
,17,9787542671547 ,,,,小花旦,,,,,,,,,,,,,,,,,,,,,,,,
,0,9789579501477 ,,,,跨世纪巨大建筑工程,,,,,,,,,,,,,,,,,,,,,,,,
,3,9787807681885 ,,,,跨越边界的社区：北京“浙江村“的生活史,,,,,,,,,,,,,,,,,,,,,,,,
,2,9787108055538 ,,,,河童杂记本,,,,,,,,,,,,,,,,,,,,,,,,
,1,9787108056078 ,,,,边走边啃腌萝卜,,,,,,,,,,,,,,,,,,,,,,,,
,1,9787108064301 ,,,,窥视厕所,,,,,,,,,,,,,,,,,,,,,,,,
,0,9787108055620 ,,,,窥视工作间,,,,,,,,,,,,,,,,,,,,,,,,
,0,9787108061379 ,,,,窥视舞台,,,,,,,,,,,,,,,,,,,,,,,,
,0,9787108052940 ,,,,窥视印度,,,,,,,,,,,,,,,,,,,,,,,,
,1,9787108056283 ,,,,窥视日本,,,,,,,,,,,,,,,,,,,,,,,,
,4,9787108055996 ,,,,窥视欧洲,,,,,,,,,,,,,,,,,,,,,,,,
,1,9787301183694 ,,,,赖特,,,,,,,,,,,,,,,,,,,,,,,,
,1,9787544778961 ,,,,浪漫主义的根源,,,,,,,,,,,,,,,,,,,,,,,,
,1,9787564925673 ,,,,类人猿、赛博格和女人,,,,,,,,,,,,,,,,,,,,,,,,
,1,9787100168793 ,,,,礼物,,,,,,,,,,,,,,,,,,,,,,,,
,1,9787208142091 ,,,,礼物的流动：一个中国村庄中的互惠原则与社会网络,,,,,,,,,,,,,,,,,,,,,,,,
,1,9787208142107 ,,,,私人生活的变革：一个中国村庄里的爱情、家庭与亲密关系（1949-1999）,,,,,,,,,,,,,,,,,,,,,,,,
,1,9787550315242 ,,,,理解一张照片：约翰·伯格论摄影,,,,,,,,,,,,,,,,,,,,,,,,
,0,9787100158091 ,,,,恋地情结（旧版）,,商务印书馆,,,,,,,,,,,,,,,,,,,,,,
,2,9787100176453 ,,,书架2,恋地情结（新版）,,商务印书馆,,,,,,,,,,,,,,,,,,,,,,
,0,9787539977645 ,,,,零售的哲学,,,,,,,,,,,,,,,,,,,,,,,,
,2,9787513332217 ,,,,另一种设计：长冈贤明的工作,,,,,,,,,,,,,,,,,,,,,,,,
,1,9787535670809 ,,,,长冈贤明的思考,,,,,,,,,,,,,,,,,,,,,,,,
,2,9787309129120 ,,,书架1 抽屉1,留声机 电影 打字机,,,,,,,,,,,,,,,,,,,,,,,,
,1,9787302184850 ,,,,流水别墅传,,,,,,,,,,,,,,,,,,,,,,,,
,1,9787520142625 ,,,,六论自发性,,,,,,,,,,,,,,,,,,,,,,,,
,1,9787513337328 ,,,,鲁迅的都市漫游,,,,,,,,,,,,,,,,,,,,,,,,
,10,9787108060990 ,,,,路上观察学入门,,,,,,,,,,,,,,,,,,,,,,,,
,1,9787112094479 ,,,,路易斯康的空间构成,,,,,,,,,,,,,,,,,,,,,,,,
,7,9787532750047 ,,,书架3 抽屉4,论摄影,,,,,,,,,,,,,,,,,,,,,,,,
,1,9787513318204 ,,,,罗西想当发明家,,,,,,,,,,,,,,,,,,,,,,,,
,5,9787208131200 ,,,书架2 抽屉3,裸城：原真性城市场所的生与死,,,,,,,,,,,,,,,,,,,,,,,,
,1,9787559446879 ,,,,旅鼠：中村好文的欢快生活,,,,,,,,,,,,,,,,,,,,,,,,
,1,9787544779470 ,,,,马可瓦尔多,,,,,,,,,,,,,,,,,,,,,,,,
,1,9787220115042 ,,,,冒险图鉴,,,,,,,,,,,,,,,,,,,,,,,,
,1,9787532771356 ,,,,玫瑰的名字,,,,,,,,,,,,,,,,,,,,,,,,
,1,9787309141238 ,,,,媒介考古学：方法、路径和意涵,,,,,,,,,,,,,,,,,,,,,,,,
,2,9787552025521 ,,,,媒介生态学,,,,,,,,,,,,,,,,,,,,,,,,
,2,9787520141994 ,,,,辉煌信标：美国灯塔史,,,,,,,,,,,,,,,,,,,,,,,,
,0,9787305216671 ,,,,美学中的不满,,,,,,,,,,,,,,,,,,,,,,,,
,1,9787545804324 ,,,,梦幻之城,,,,,,,,,,,,,,,,,,,,,,,,
,0,9787540492236 ,,,,米开朗琪罗与教皇的天花板,,,,,,,,,,,,,,,,,,,,,,,,
,1,9787108058973 ,,,,民间与庙堂,,,,,,,,,,,,,,,,,,,,,,,,
,2,9787108047731 ,,,,明清建筑二论：斗拱的起源与发展,,,,,,,,,,,,,,,,,,,,,,,,
,1,9787108045843 ,,,,建筑母语：传统、地域与乡愁,,,,,,,,,,,,,,,,,,,,,,,,
,3,9787100072250 ,,,,明日的田园城市,,,,,,,,,,,,,,,,,,,,,,,,
,2,9787300129129 ,,,,明室：摄影札记,,,,,,,,,,,,,,,,,,,,,,,,
,3,9787544722247 ,,,,命运交叉的城堡,,,,,,,,,,,,,,,,,,,,,,,,
,1,9787540256128 ,,,,摩天大楼：始于芝加哥的摩登时代,,,,,,,,,,,,,,,,,,,,,,,,
,2,9787208149588 ,,,,魔都,,,,,,,,,,,,,,,,,,,,,,,,
,2,9787208154445 ,,,,魔都漫步,,,,,,,,,,,,,,,,,,,,,,,,
,4,9787576004205 ,,,,末日松茸,,,,,,,,,,,,,,,,,,,,,,,,
,1,9787508682983 ,,,,目客：安藤忠雄：建造属于自己的世界,,,,,,,,,,,,,,,,,,,,,,,,
,1,9787549583058 ,,,,你的建筑有多重：建筑大师诺曼・福斯特,,,,,,,,,,,,,,,,,,,,,,,,
,2,9787535688255 ,,,,鸟瞰古文明,,,,,,,,,,,,,,,,,,,,,,,,
,0,9787540492236 ,,,,您了解巴黎吗？,,,,,,,,,,,,,,,,,,,,,,,,
,3,9787544258227 ,,,,纽约：一座超级城市是如何运转的,,,,,,,,,,,,,,,,,,,,,,,,
,2,9787100092371 ,,,,纽约变形记,,,,,,,,,,,,,,,,,,,,,,,,
,1,9787112167388 ,,,,女性主义建筑学理论,,,,,,,,,,,,,,,,,,,,,,,,
,2,9787100104739 ,,,,叛逆的城市：从城市权利到城市革命,,,,,,,,,,,,,,,,,,,,,,,,
,1,9787301294635 ,,,,袍哥：1940年代川西乡村的暴力与秩序,,,,,,,,,,,,,,,,,,,,,,,,
,5,9787558613494 ,,,,平野甲贺100作,,,,,,,,,,,,,,,,,,,,,,,,
,1,9787112193332 ,,,,评论与被评论：关于中国当代建筑的讨论,,,,,,,,,,,,,,,,,,,,,,,,
,1,9787553785479 ,,,,剖面手册,,,,,,,,,,,,,,,,,,,,,,,,
,1,9787520171151 ,,,,骑行200年：车轮上的社会史,,,,,,,,,,,,,,,,,,,,,,,,
,2,9787511052872 ,,,,岂不怀归：三和青年调查,,,,,,,,,,,,,,,,,,,,,,,,
,0,9787112114917 ,,,,启迪,,,,,,,,,,,,,,,,,,,,,,,,
,2,9787532765393 ,,,,枪炮、病菌与钢铁,,,,,,,,,,,,,,,,,,,,,,,,
,1,9787513318198 ,,,,乔伊想当建筑师,,,,,,,,,,,,,,,,,,,,,,,,
,1,9787568046831 ,,,,倾斜的女孩,,,,,,,,,,,,,,,,,,,,,,,,
,2,9787208143180 ,,,,人的境况,,,,,,,,,,,,,,,,,,,,,,,,
,1,9787508635842 ,,,,藤森照信：人类与建筑的历史,,,,,,,,,,,,,,,,,,,,,,,,
,0,9787213096471 ,,,,人人都该懂的工程学,,,,,,,,,,,,,,,,,,,,,,,,
,1,9787532782918 ,,,,人文主义地理学：对于意义的个体追寻,,,,,,,,,,,,,,,,,,,,,,,,
,1,9787112156030 ,,,,人文主义时代的建筑原理,,,,,,,,,,,,,,,,,,,,,,,,
,1,9787567586673 ,,,,人行道王国,,,,,,,,,,,,,,,,,,,,,,,,
,1,9787535688378 ,,,,认识建筑,,,,,,,,,,,,,,,,,,,,,,,,
,2,9787559635181 ,,,,日本侘寂,,,,,,,,,,,,,,,,,,,,,,,,
,2,9787508683270 ,,,,日本的八个审美意识,,,,,,,,,,,,,,,,,,,,,,,,
,1,9787544262354 ,,,,日本建筑解剖书,,,,,,,,,,,,,,,,,,,,,,,,
,1,9787544284912 ,,,,日本名城解剖书,,,,,,,,,,,,,,,,,,,,,,,,
,1,9787544262781 ,,,,日本名所解剖书,,,,,,,,,,,,,,,,,,,,,,,,
,2,9787559634702 ,,,,日本色气,,,,,,,,,,,,,,,,,,,,,,,,
,2,9787559201379 ,,,,日式庭园,,,,,,,,,,,,,,,,,,,,,,,,
,1,9787571310103 ,,,,如何造就一座伟大的城市：城市公共空间营造,,,,,,,,,,,,,,,,,,,,,,,,
,1,9787509780640 ,,,,撒马尔罕的金桃,,,,,,,,,,,,,,,,,,,,,,,,
,1,9787560853581 ,,,,上海里弄街区的价值,,,,,,,,,,,,,,,,,,,,,,,,
,1,9787558616655 ,,,,上海师傅,,,,,,,,,,,,,,,,,,,,,,,,
,2,9787558604782 ,,,,上海字记,,,,,,,,,,,,,,,,,,,,,,,,
,2,9787568001533 ,,,,设计方法与策略：代尔夫特设计指南,,,,,,,,,,,,,,,,,,,,,,,,
,5,9787568029049 ,,,书架2 抽屉3,设计革命：地球号太空船操作手册,,,,,,,,,,,,,,,,,,,,,,,,
,1,9787532170890 ,,,,设计为何：WHY WE DESIGN,,,,,,,,,,,,,,,,,,,,,,,,
,1,9787500873341 ,,,,设计异国格调：地理、全球化与欧洲近代早期的世界,,,,,,,,,,,,,,,,,,,,,,,,
,1,9787209041065 ,,,,设计中的设计,,,,,,,,,,,,,,,,,,,,,,,,
,2,9787303212842 ,,,,社会学的想象力（精装）,,,,,,,,,,,,,,,,,,,,,,,,
,1,9787532174966 ,,,,社会学之思,,,齐格蒙特・鲍曼,,,,,,,,,,,,,,,,,,,,,
,3,9787547840382 ,,,,社区营造工作指南,,,,,,,,,,,,,,,,,,,,,,,,
,3,9787559800565 ,,,书架2 抽屉1,摄影小史,,,,,,,,,,,,,,,,,,,,,,,,
,1,9787542666666 ,,,,谁在你家,,,,,,,,,,,,,,,,,,,,,,,,
,1,9787508695846 ,,,,生活之书 BEAMS ON LIFE,,,,,,,,,,,,,,,,,,,,,,,,
,1,9787219109304 ,,,,声音中的另一种语言,,,,,,,,,,,,,,,,,,,,,,,,
,1,9787540492236 ,,,,十二幅地图中的世界史,,,,,,,,,,,,,,,,,,,,,,,,
,1,9787568908474 ,,,,时间的味道,,,,,,,,,,,,,,,,,,,,,,,,
,2,9787305129995 ,,,,视觉机器,,,,,,,,,,,,,,,,,,,,,,,,
,1,9787305057779 ,,,,日常生活实践1：实践的艺术,,,,,,,,,,,,,,,,,,,,,,,,
,1,9787305074615 ,,,,日常生活实践2:居住与烹饪,,,,,,,,,,,,,,,,,,,,,,,,
,1,9787521713756 ,,,,逝物录,,,,,,,,,,,,,,,,,,,,,,,,
,1,9787520167871 ,,,,熟悉的陌生人：快递员的日常工作和劳动过程,,,,,,,,,,,,,,,,,,,,,,,,
,1,9787111640790 ,,,,树木与房子：木构建筑和它的故事,,,,,,,,,,,,,,,,,,,,,,,,
,1,9787108055378 ,,,,树荫的温柔：亘古人类激情之源,,,,,,,,,,,,,,,,,,,,,,,,
,1,9787552031607 ,,,,魔法、节日、动植物：一些奇异文化传统的历史渊源,,,,,,,,,,,,,,,,,,,,,,,,
,2,9787549586820 ,,,,天地人：树之生命木之心「一套三本」,,,,,,,,,,,,,,,,,,,,,,,,
,2,9787121307362 ,,,,数字化生存,,,,,,,,,,,,,,,,,,,,,,,,
,1,9787214215529 ,,,,水下巴黎：光明之城如何经历1910年大洪水,,,,,,,,,,,,,,,,,,,,,,,,
,3,9787560868950 ,,,,说园,,,,,,,,,,,,,,,,,,,,,,,,
,1,9787112092215 ,,,,思考建筑,,,,,,,,,,,,,,,,,,,,,,,,
,1,9787214086211 ,,,,关于建筑的16章：空间、时间以及世界,,,,,,,,,,,,,,,,,,,,,,,,
,2,9787519033859 ,,,,斯坦纳自传,,,,,,,,,,,,,,,,,,,,,,,,
,1,9787559815804 ,,,,撕碎建筑的硬壳,,,,,,,,,,,,,,,,,,,,,,,,
,3,9787559606594 ,,,,太空美术简史：科学看不见的，用艺术呈现,,,,,,,,,,,,,,,,,,,,,,,,
,1,9787559632364 ,,,,太阳系度假指南,,,,,,,,,,,,,,,,,,,,,,,,
,1,9787567586666 ,,,,唐人街：镀金的避难所、民族城邦和全球文化流散地,,,,,,,,,,,,,,,,,,,,,,,,
,2,9787208151062 ,,,,铁道之旅:19世纪空间与时间的工业化,,,,,,,,,,,,,,,,,,,,,,,,
,1,9787112095483 ,,,,透明性 transparency,,,,,,,,,,,,,,,,,,,,,,,,
,1,9787568044035 ,,,,图解吃喝小店摊设计,,,,,,,,,,,,,,,,,,,,,,,,
,1,9787112243778 ,,,,图解动物园设计,,,,,,,,,,,,,,,,,,,,,,,,
,1,9787553798059 ,,,,图解都市空间构想力,,,,,,,,,,,,,,,,,,,,,,,,
,1,9787561860045 ,,,,图解建筑结构：模式、体系与设计,,,,,,,,,,,,,,,,,,,,,,,,
,0,9787302440499 ,,,,日本建筑与生活简史,,,,,,,,,,,,,,,,,,,,,,,,
,0,9787302216551 ,,,,图说日本住居生活史,,,,,,,,,,,,,,,,,,,,,,,,
,2,9787302230793 ,,,,居所中的水与火,,,,,,,,,,,,,,,,,,,,,,,,
,1,9787513325356 ,,,,梁思成《图像中国建筑史》手绘图,,,,,,,,,,,,,,,,,,,,,,,,
,1,9787559437082 ,,,,退步主义者,,,,,,,,,,,,,,,,,,,,,,,,
,1,9787112008568 ,,,,外国城市建设史（二手）,,,,,,,,,,,,,,,,,,,,,,,,
,1,9787122302120 ,,,,外国古建筑小讲,,,,,,,,,,,,,,,,,,,,,,,,
,1,9787532154067 ,,,,外滩影像与传奇：陈丹燕的上海,,,,,,,,,,,,,,,,,,,,,,,,
,1,9787302470502 ,,,,玩儿过——建筑师街区游戏指南,,,,,,,,,,,,,,,,,,,,,,,,
,2,9787513336611 ,,,,王南建筑史诗：拱尖天堂,,,,,,,,,,,,,,,,,,,,,,,,
,2,9787513323901 ,,,,王南建筑史诗：营造天书,,,,,,,,,,,,,,,,,,,,,,,,
,1,9787513330299 ,,,,王南建筑史诗：木骨禅心,,,,,,,,,,,,,,,,,,,,,,,,
,2,9787513325639 ,,,,王南建筑史诗：金色天国,,,,,,,,,,,,,,,,,,,,,,,,
,2,9787513325813 ,,,,王南建筑史诗：汉家陵阙,,,,,,,,,,,,,,,,,,,,,,,,
,2,9787513325530 ,,,,王南建筑史诗：塔窟东来,,,,,,,,,,,,,,,,,,,,,,,,
,2,9787513325646 ,,,,王南建筑史诗：六朝遗石,,,,,,,,,,,,,,,,,,,,,,,,
,1,9787513325561 ,,,,王南建筑史诗：梦回唐朝,,,,,,,,,,,,,,,,,,,,,,,,
,1,9787513317597 ,,,,王南建筑史诗：万神殿堂,,,,,,,,,,,,,,,,,,,,,,,,
,1,9787521709599 ,,,,隈研吾的材料研究室,,,,,,,,,,,,,,,,,,,,,,,,
,2,9787112177547 ,,,,维奥莱-勒-迪克建筑学讲义,,,,,,,,,,,,,,,,,,,,,,,,
,0,9787568058766 ,,,,伟大的柯布西耶,,,,,,,,,,,,,,,,,,,,,,,,
,1,9787508698038 ,,,,伟大建筑手稿 DRAWING ARCHITECTURE,,,,,,,,,,,,,,,,,,,,,,,,
,0,9787108056658 ,,,,为建筑看相,,,,,,,,,,,,,,,,,,,,,,,,
,2,9787112182800 ,,,,未来城市,,,,,,,,,,,,,,,,,,,,,,,,
,3,9787532171798 ,,,,文化就是身体,,,,,,,,,,,,,,,,,,,,,,,,
,1,9787308083201 ,,,,斜目而视：透过通俗文化看拉康,,,,,,,,,,,,,,,,,,,,,,,,
,1,9787500873266 ,,,,文明开化来了：明治时代的生活画像,,,,,,,,,,,,,,,,,,,,,,,,
,1,9787500871668 ,,,,江户食空间：万物汇集的料理与社会,,,,,,,,,,,,,,,,,,,,,,,,
,1,9787208133211 ,,,,我的名字叫红,,,,,,,,,,,,,,,,,,,,,,,,
,2,9787571302634 ,,,,我的意中建筑,,,,,,,,,,,,,,,,,,,,,,,,
,1,9787553797311 ,,,,我们梦想的未来都市,,,,,,,,,,,,,,,,,,,,,,,,
,3,9787544777919 ,,,,我们为何建造,,,,,,,,,,,,,,,,,,,,,,,,
,1,9787559633064 ,,,,我们在四维空间可以做什么,,,,,,,,,,,,,,,,,,,,,,,,
,1,9787208135505 ,,,,我脑袋里的怪东西,,,,,,,,,,,,,,,,,,,,,,,,
,7,9787551416269 ,,,,沃克埃文斯：美国影像,,,,,,,,,,,,,,,,,,,,,,,,
,1,9787506051293 ,,,,乌托邦,,,,,,,,,,,,,,,,,,,,,,,,
,0,9787568900706 ,,,,无物象的世界,,,,,,,,,,,,,,,,,,,,,,,,
,2,9787112164578 ,,,,五宅十详,,,,,,,,,,,,,,,,,,,,,,,,
,2,9787560862330 ,,,,生活的外壳,,,,,,,,,,,,,,,,,,,,,,,,
,2,9787112220762 ,,,,建筑人类学,,,,,,,,,,,,,,,,,,,,,,,,
,1,9787208098107 ,,,,物尽其用：老百姓的当代艺术,,,,,,,,,,,,,,,,,,,,,,,,
,0,9787208155121 ,,,,物体系,,,,,,,,,,,,,,,,,,,,,,,,
,1,9787108045317 ,,,,物象与心境：中国的园林,,,,,,,,,,,,,,,,,,,,,,,,
,1,9787562483816 ,,,,没有束缚的舒适的建筑：西泽立卫对谈集,,,,,,,,,,,,,,,,,,,,,,,,
,2,9787208162525 ,,,,显微镜下的成都,,,,,,,,,,,,,,,,,,,,,,,,
,0,9787108039194 ,,,,现代建筑：一部批判的历史,,,,,,,,,,,,,,,,,,,,,,,,
,2,9787112182701 ,,,,现代日本建筑家列传,,,,,,,,,,,,,,,,,,,,,,,,
,1,9787305226823 ,,,,现代性,,,,,,,,,,,,,,,,,,,,,,,,
,2,9787544752268 ,,,,现代性的五副面孔,,,,,,,,,,,,,,,,,,,,,,,,
,2,9787100095518 ,,,,现代性的五个悖论,,,,,,,,,,,,,,,,,,,,,,,,
,1,9787300252636 ,,,,流动的现代性,,,,,,,,,,,,,,,,,,,,,,,,
,2,9787568918626 ,,,,福柯：关键概念,,,,,,,,,,,,,,,,,,,,,,,,
,1,9787568911375 ,,,,朗西埃：关键概念,,,,,,,,,,,,,,,,,,,,,,,,
,1,9787560435664 ,,,,例外状态-《神圣之人》二之一,,,,,,,,,,,,,,,,,,,,,,,,
,1,9787532747504 ,,,,幸福的建筑,,,,,,,,,,,,,,,,,,,,,,,,
,0,,,,,乡土中国,,,,,,,,,,,,,,,,,,,,,,,,
,1,9787302496496 ,,,,乡土日本,,,,,,,,,,,,,,,,,,,,,,,,
,1,9787108059215 ,,,,十里八村,,,,,,,,,,,,,,,,,,,,,,,,
,1,9787030526687 ,,,,科学实践与地方性知识,,,,,,,,,,,,,,,,,,,,,,,,
,1,9787549552986 ,,,,茶之路,,,,,,,,,,,,,,,,,,,,,,,,
,2,9787560861500 ,,,,热力学建筑视野下的空气提案：设计应对雾霾,,,,,,,,,,,,,,,,,,,,,,,,
,2,9787560850658 ,,,,当代语境下的田园城市,,,,,,,,,,,,,,,,,,,,,,,,
,2,9787567553170 ,,,,想象地名私人词典,,,,,,,,,,,,,,,,,,,,,,,,
,2,9787549936380 ,,,,想象的城市：都市体验与小说语言,,,,,,,,,,,,,,,,,,,,,,,,
,2,9787553785486 ,,,,向拉斯维加斯学习,,,,,,,,,,,,,,,,,,,,,,,,
,1,9787550728851 ,,,,向深圳学习,,,,,,,,,,,,,,,,,,,,,,,,
,2,9787531357759 ,,,,逍遥游,,,,,,,,,,,,,,,,,,,,,,,,
,2,9787549936441 ,,,,消费空间,,,,,,,,,,,,,,,,,,,,,,,,
,0,9787305133039 ,,,,消费社会,,,,,,,,,,,,,,,,,,,,,,,,
,1,9787568046848 ,,,,消失的边境线,,,,,,,,,,,,,,,,,,,,,,,,
,3,9787576001570 ,,,,消失的城乡边界线,,,,,,,,,,,,,,,,,,,,,,,,
,1,9787201149097 ,,,,小城畸人,,,,,,,,,,,,,,,,,,,,,,,,
,1,9787532770519 ,,,,小城市空间的社会生活,,,,,,,,,,,,,,,,,,,,,,,,
,2,9787508660196 ,,,,小家越住越大1,,,,,,,,,,,,,,,,,,,,,,,,
,1,9787508686271 ,,,,小家越住越大2,,,,,,,,,,,,,,,,,,,,,,,,
,2,9787544293013 ,,,,小家越住越大3,,,,,,,,,,,,,,,,,,,,,,,,
,0,,,,,小建筑,,,,,,,,,,,,,,,,,,,,,,,,
,2,9787532762897 ,,,,小径分岔的花园,,,,,,,,,,,,,,,,,,,,,,,,
,1,9787508678047 ,,,,小小巴黎书店,,,,,,,,,,,,,,,,,,,,,,,,
,0,,,,,小夜曲,,,,,,,,,,,,,,,,,,,,,,,,
,4,9787549628186 ,,,,小镇美国：现代生活的另一种启示,,,,,,,,,,,,,,,,,,,,,,,,
,2,9787807682158 ,,,,小镇喧嚣,,,,,,,,,,,,,,,,,,,,,,,,
,2,9787521709858 ,,,,新城市科学,,,,,,,,,,,,,,,,,,,,,,,,
,2,9787544772136 ,,,,新城市前沿：士绅化与恢复失地运动者之城,,,,,,,,,,,,,,,,,,,,,,,,
,2,9787108061102 ,,,,新订人文地理随笔,,,,,,,,,,,,,,,,,,,,,,,,
,1,9787112037414 ,,,,新古典主义与19世纪建筑,,,,,,,,,,,,,,,,,,,,,,,,
,0,,,,,新建筑与包豪斯,,,,,,,,,,,,,,,,,,,,,,,,
,3,9787200120103 ,,,,新建筑与流派,,,,,,,,,,,,,,,,,,,,,,,,
,1,9787568915113 ,,,,新视觉：从材料到建筑,,,,,,,,,,,,,,,,,,,,,,,,
,1,9787112115952 ,,,,新兴建构图集,,,,,,,,,,,,,,,,,,,,,,,,
,1,9787511812346 ,,,,兴盛与危机：论中国社会的超稳定结构,,,,,,,,,,,,,,,,,,,,,,,,
,1,9787532752805 ,,,,寻路中国,,,,,,,,,,,,,,,,,,,,,,,,
,1,9787540492236 ,,,,寻找亚洲,,,,,,,,,,,,,,,,,,,,,,,,
,1,9787112172115 ,,,,言入空谷：路斯1897-1900年文集,,,,,,,,,,,,,,,,,,,,,,,,
,1,9787513051989 ,,,,摇曳的图像：从奇珍室到决赛,,,,,,,,,,,,,,,,,,,,,,,,
,1,9787535687869 ,,,,一幅画看日本,,,,,,,,,,,,,,,,,,,,,,,,
,2,9787100095624 ,,,,一切坚固的东西都烟消云散了：现代性体验,,,,,,,,,,,,,,,,,,,,,,,,
,0,9787540492236 ,,,,伊斯坦布尔三城记,,,,,,,,,,,,,,,,,,,,,,,,
,2,9787559602626 ,,,,遗产,,,,,,,,,,,,,,,,,,,,,,,,
,1,9787521719215 ,,,,椅子与身体,,,,,,,,,,,,,,,,,,,,,,,,
,3,9787549408177 ,,,,艺术的故事,,,,,,,,,,,,,,,,,,,,,,,,
,1,9787549401000 ,,,,艺术的故事笺注,,,,,,,,,,,,,,,,,,,,,,,,
,1,9787552023763 ,,,,艺术破坏：法国大革命以来的偶像破坏与汪达尔主义,,,,,,,,,,,,,,,,,,,,,,,,
,0,,,,,艺术与视知觉,,,,,,,,,,,,,,,,,,,,,,,,
,1,9787562462569 ,,,,艺术与艺术家论,,,,,,,,,,,,,,,,,,,,,,,,
,1,9787568902106 ,,,,艺术与诸众：论艺术的九封信,,,,,,,,,,,,,,,,,,,,,,,,
,0,,,,,艺术哲学,,,,,,,,,,,,,,,,,,,,,,,,
,1,9787568906050 ,,,,艺术中的精神,,,,,,,,,,,,,,,,,,,,,,,,
,1,9787020119233 ,,,,意大利古建筑散记,,,,,,,,,,,,,,,,,,,,,,,,
,5,9787532771097 ,,,,阴翳礼赞,,,,,,,,,,,,,,,,,,,,,,,,
,1,9787807680871 ,,,,银翅：中国的地方社会与文化变迁,,,,,,,,,,,,,,,,,,,,,,,,
,4,9787549564354 ,,,,银盐热,,,,,,,,,,,,,,,,,,,,,,,,
,0,9787540492236 ,,,,印象巴黎,,,,,,,,,,,,,,,,,,,,,,,,
,1,9787560866796 ,,,,英国城市更新（二手）,,,,,,,,,,,,,,,,,,,,,,,,
,1,9787229136130 ,,,,营造法式,,,,,,,,,,,,,,,,,,,,,,,,
,1,9787559808561 ,,,,影子之城,,,,,,,,,,,,,,,,,,,,,,,,
,1,9787108041074 ,,,,拾年,,,,,,,,,,,,,,,,,,,,,,,,
,1,9787020077083 ,,,,多少往事烟雨中,,,,,,,,,,,,,,,,,,,,,,,,
,1,9787108018168 ,,,,城记,,,,,,,,,,,,,,,,,,,,,,,,
,1,9787108029034 ,,,,采访本上的城市,,,,,,,,,,,,,,,,,,,,,,,,
,1,9787540492236 ,,,,永不拓宽的街道,,,,,,,,,,,,,,,,,,,,,,,,
,2,9787122252753 ,,,,永恒之城：罗马历史城市建筑图说,,,,,,,,,,,,,,,,,,,,,,,,
,2,9787547409855 ,,,,威尼斯的石头,,,,,,,,,,,,,,,,,,,,,,,,
,1,9787540492236 ,,,,游荡集,,,,,,,,,,,,,,,,,,,,,,,,
,1,9787208150683 ,,,,游牧者的抉择,,,,,,,,,,,,,,,,,,,,,,,,
,2,9787508688350 ,,,,有呀有呀书店,,,,,,,,,,,,,,,,,,,,,,,,
,2,9787559628091 ,,,,有一个地方叫夏,,,,,,,,,,,,,,,,,,,,,,,,
,1,9787301247099 ,,,,与社会学同游：人文主义的视角,33 ,,,,,,,,,,,,,,,,,,,,,,,
,1,9787020137114 ,,,,存在的艺术,,,,,,,,,,,,,,,,,,,,,,,,
,0,,,,,园冶,,,,,,,,,,,,,,,,,,,,,,,,
,1,9787542624956 ,,,,阅读城市：作为一种生活方式的都市生活,,,,,,,,,,,,,,,,,,,,,,,,
,1,9787501050840 ,,,,云冈石窟的营造工程,,,,,,,,,,,,,,,,,,,,,,,,
,1,9787220116827 ,,,,云游,,,,,,,,,,,,,,,,,,,,,,,,
,0,9787559446862 ,,,,在北海道盖面包屋：建筑家与面包师的书信集,,,,,,,,,,,,,,,,,,,,,,,,
,1,9787562846918 ,,,,在日本：铁道研究会,,,,,,,,,,,,,,,,,,,,,,,,
,1,9787535678096 ,,,,造房子,,,,,,,,,,,,,,,,,,,,,,,,
,2,9787559111760 ,,,,站城一体开发2：TOD46的魅力,,,,,,,,,,,,,,,,,,,,,,,,
,2,9787020106684 ,,,,长恨歌,,,,,,,,,,,,,,,,,,,,,,,,
,2,9787532741588 ,,,,这就是纽约：E.B.怀特随笔（平装中文）Here is New York,,,,,,,,,,,,,,,,,,,,,,,,
,1,9787532754922 ,,,,这就是纽约（精装，中英双语）,,,,,,,,,,,,,,,,,,,,,,,,
,2,9787559605924 ,,,,这里,,,,,,,,,,,,,,,,,,,,,,,,
,1,9787521701579 ,,,,这里是中国,,,,,,,,,,,,,,,,,,,,,,,,
,0,,,,,珍物,,,,,,,,,,,,,,,,,,,,,,,,
,1,9787560865096 ,,,,真伪之问：何谓真正的城市遗产保护,,,,,,,,,,,,,,,,,,,,,,,,
,1,9787302162018 ,,,,楼下村,,,,,,,,,,,,,,,,,,,,,,,,
,1,9787301306192 ,,,,征服自然：水、景观与现代德国的形成,,,,,,,,,,,,,,,,,,,,,,,,
,1,9787550296534 ,,,,蒸汽火车头,,,,,,,,,,,,,,,,,,,,,,,,
,1,9787208131804 ,,,,正义、自然和差异地理学,,,,,,,,,,,,,,,,,,,,,,,,
,2,9787540489380 ,,,,柯布西耶：直角之诗,,,,,,,,,,,,,,,,,,,,,,,,
,2,9787549569021 ,,,,只有大众，没有文化,,,,,,,,,,,,,,,,,,,,,,,,
,3,9787208164277 ,,,,纸神,,,,,,,,,,,,,,,,,,,,,,,,
,3,9787521703221 ,,,,智能城市,,,,,,,,,,,,,,,,,,,,,,,,
,0,9787505735408 ,,,,中国城池史,,,,,,,,,,,,,,,,,,,,,,,,
,2,9787302491354 ,,,,中国城市密码,,,,,,,,,,,,,,,,,,,,,,,,
,1,9787807682301 ,,,,中国的单位组织：资源、权利与交换,,,,,,,,,,,,,,,,,,,,,,,,
,1,9787112090990 ,,,,中国古代建筑史 第四卷,,,,,,,,,,,,,,,,,,,,,,,,
,1,9787112090709 ,,,,中国古代建筑史 第一卷,,,,,,,,,,,,,,,,,,,,,,,,
,2,9787208143470 ,,,,中国古代艺术与建筑中的「纪念碑性」,,,,,,,,,,,,,,,,,,,,,,,,
,1,9787112163274 ,,,,中国古建筑瓦石营法,,,,,,,,,,,,,,,,,,,,,,,,
,1,9787122300720 ,,,,中国古建筑小讲,,,,,,,,,,,,,,,,,,,,,,,,
,1,9787108061935 ,,,,中国石窟寺研究,,,,,,,,,,,,,,,,,,,,,,,,
,2,9787540492236 ,,,,中国游记,,,,,,,,,,,,,,,,,,,,,,,,
,1,9787200135220 ,,,,中国造园艺术,,,,,,,,,,,,,,,,,,,,,,,,
,2,9787100049801 ,,,,中世纪的城市,,,,,,,,,,,,,,,,,,,,,,,,
,1,9787208143494 ,,,,重屏：中国绘画中的媒材与再现,,,,,,,,,,,,,,,,,,,,,,,,
,2,9787542667144 ,,,,轴心时代,,,,,,,,,,,,,,,,,,,,,,,,
,2,9787505745650 ,,,,舒适住宅理论,,,,,,,,,,,,,,,,,,,,,,,,
,2,9787511377463 ,,,,住宅读本,,,,,,,,,,,,,,,,,,,,,,,,
,1,9787544293013 ,,,,住宅细节解剖书,,,,,,,,,,,,,,,,,,,,,,,,
,1,9787544293075 ,,,,住宅设计解剖书,,,,,,,,,,,,,,,,,,,,,,,,
,1,9787544288262 ,,,,住宅设计解剖书2,,,,,,,,,,,,,,,,,,,,,,,,
,2,9787568040006 ,,,,装饰与罪恶,,,,,,,,,,,,,,,,,,,,,,,,
,1,9787544757805 ,,,,子夜,,,,,,,,,,,,,,,,,,,,,,,,
,2,9787564921347 ,,,,自然的政治：如何把科学带入民主,,,,,,,,,,,,,,,,,,,,,,,,
,1,9787549509324 ,,,,走向公民建筑2007-2010,,,,,,,,,,,,,,,,,,,,,,,,
,1,9787549511044 ,,,,走向公民建筑（第二辑）2011-2012,,,,,,,,,,,,,,,,,,,,,,,,
,2,9787553721804 ,,,,走向新建筑,,,,,,,,,,,,,,,,,,,,,,,,
,3,9787556123087 ,,,,最糟也最棒的书店,,,,,,,,,,,,,,,,,,,,,,,,
,1,9787568060776 ,,,,遵循艺术原则的城市设计,,,,,,,,,,,,,,,,,,,,,,,,
,1,9787532784875 ,,,,昨日之岛,,,,,,,,,,,,,,,,,,,,,,,,
,1,9787534427909 ,,,,佐藤可士和的超整理术,,,,,,,,,,,,,,,,,,,,,,,,
,1,9787805888644 ,,,,佐藤可士和的经营术,,,,,,,,,,,,,,,,,,,,,,,,
,2,9787542666666 ,,,,谁在你家：中国“个体家庭”的选择,,,,,,,,,三联,,,,,,,,,,,,,,,
,1,9787559803306 ,,,,扫地出门：美国城市的贫穷与暴利,,,,,,,,,三联,,,,,,,,,,,,,,,
,3,9787521705096 ,,,,新城市危机：不平等与正在消失的中产阶级,,,,,,,,,三联,,,,,,,,,,,,,,,
,3,9787567532700 ,,,,香港重庆大厦：世界中心的边缘地带,,,,,,,,,三联,,,,,,,,,,,,,,,
,4,9787305217685 ,,,,上街,,,,,,,,,澎湃研究所,,,,,,,,,,,,,,,
,0,9787508660363 ,,,,走来走去,,,,,,,,,澎湃研究所,,,,,,,,,,,,,,,
,1,9787552014471 ,,,,老上海百业指南：道路机构厂商住宅分布图,,,,,,,,,澎湃研究所,,,,,,,,,,,,,,,
,2,9787560893174 ,,,,垃圾分类的全球经验与上海实践,,,,,,,,,澎湃研究所,,,,,,,,,,,,,,,
,0,,,,,Learning from Shenzhen: China’s Post-Mao Experiment from Special Zone to Model City,,,,,,,,,深港城市\建筑双城双年展,,,,,,,,,,,,,,,
,1,9787100161565 ,,,,深圳自然笔记,,,,,,,,,深港城市\建筑双城双年展,,,,,,,,,,,,,,,
,1,9787536260580 ,,,,城市源点,,,,,,,,,,,,,,,,,,,,,,,,
,1,9787208075375 ,,,,城市，开门！2005首届深圳城市\建筑双年展,,,,,,,,,,,,,,,,,,,,,,,,
,1,9787112188314 ,,,,看（不）见的城市：“深双”十年研究「上+下」,398 ,,,,,,,,深港城市\建筑双城双年展,,,,,,,,,,,,,,,
,1,9787807098652 ,,,,中心区变形记,,,,,,,,,深港城市\建筑双城双年展,,,,,,,,,,,,,,,
,1,9789888340897 ,,,,黑暗之城：九龙城寨的日与夜  林保賢,420 ,,,,,,,,深港城市\建筑双城双年展,,,,,,,,,,,,,,,
,0,9783822860489 ,,,,Great Leap Forward: Harvard Design School Project on the City 1,,,,,,,,,深港城市\建筑双城双年展,,,,,,,,,,,,,,,
,0,,,,,The Shenzhen Experiment: The Story of China’s Instant City,,,,,,,,,深港城市\建筑双城双年展,,,,,,,,,,,,,,,
,0,,,,,Van Gogh on Demand: China and the Readymade,,,,,,,,,深港城市\建筑双城双年展,,,,,,,,,,,,,,,
,3,9787560865690 ,,,,深圳当代建筑（2000-2015）「白/黑」,,,,,,,,,深港城市\建筑双城双年展,,,,,,,,,,,,,,,
,1,9787112160686 ,,,,architecture creates cities. cities create architecture. 城市创造,,,,,,,,,,,,,,,,,,,,,,,,
,1,9787560854205 ,,,,城市边缘：深港城市/建筑双城双年展,,,,,,,,,,,,,,,,,,,,,,,,
,1,9789627732112 ,,,,再织城市 refabricating city,,,,,,,,,,,,,,,,,,,,,,,,
,2,9787508686059 ,,,,在线：数据改变商业本质，计算重塑经济未来,,,,,,,,,特赞Tezign,,,,,,,,,,,,,,,
,2,9787508687896 ,,,,规模：复杂世界的简单法则,,,,,,,,,特赞Tezign,,,,,,,,,,,,,,,
,1,9787513300711 ,,,,失控：全人类的最终命运和结局（平装旧版）,,,,,,,,,,,,,,,,,,,,,,,,
,1,9787121272295 ,,,,失控（新版）KK三部曲,,,,,,,,,特赞Tezign,,,,,,,,,,,,,,,
,2,9787121272394 ,,,,必然,,,,,,,,,北京城市实验室（BCL）,,,,,,,,,,,,,,,
,1,9787108010056 ,,,,复杂：诞生于秩序与混沌边缘的科学,,,,,,,,,北京城市实验室（BCL）,,,,,,,,,,,,,,,
,2,9787108042903 ,,,储藏间,作文本,,,,,,,,,特赞Tezign,,,,,,,,,,,,,,,
,0,,,,,尴尬的气味：人类排气的文化史,,,,,,,,,特赞Tezign,,,,,,,,,,,,,,,
,0,,,,,Growth: From Microorganisms to Megacities,,,,,,,,,特赞Tezign,,,,,,,,,,,,,,,
,2,9787560871226 ,,,,明日之城：1880年以来城市规划与设计的思想史,,,,,,,,,单向空间,,,,,,,,,,,,,,,
,2,9787552001976 ,,,,城市的胜利：城市如何让我们变得更加富有、智慧、绿色、健康和幸福,,,,,,,,,单向空间,,,,,,,,,,,,,,,
,7,9787558614781 ,,,展板1 书架2 抽屉4,城市表情,,,,,,,,,单向空间,,,,,,,,,,,,,,,
,0,,,,,白夜,,,,,,,,,假杂志,,,,,,,,,,,,,,,
,0,,,,,风岛,,,,,,,,,假杂志,,,,,,,,,,,,,,,
,0,,,,,四〇四,,,,,,,,,假杂志,,,,,,,,,,,,,,,
,1,,,,,北流活活,,,,,,,,,假杂志,,,,,,,,,,,,,,,
,0,,,,,德国阳台,,,,,,,,,假杂志,,,,,,,,,,,,,,,
,0,,,,,Garden State,,,,,,,,,假杂志,,,,,,,,,,,,,,,
,1,9789492051264 ,,,,Sorry for Damage Done,,,,,,,,,假杂志,,,,,,,,,,,,,,,
,0,,,,,都市の造景,,,,,,,,,假杂志,,,,,,,,,,,,,,,
,0,9781597113342 ,,,,The Sochi Project,,,,,,,,,假杂志,,,,,,,,,,,,,,,
,0,9783959050777 ,,,,Hybrid Modernism. Movie Theatres in South India,,,,,,,,,假杂志,,,,,,,,,,,,,,,
,1,-,,,展板1,负向的旅程,,,,,,,,,假杂志,,,,,,,,,,,,,,,
,1,9787112225927 ,,,,城市规划大数据理论与方法,,,,,,,,,北京城市实验室（BCL）,,,,,,,,,,,,,,,
,1,9787108013309 ,,,,比特之城：空间·场所·信息高速公路,,,,,,,,,北京城市实验室（BCL）,,,,,,,,,,,,,,,
,2,9787544740586 ,,,,美国大城市的死与生「精装」,,,,,,,,,北京城市实验室（BCL）,,,,,,,,,,,,,,,
,1,9787806578575 ,,,,美国大城市的死与生「平装」,,,,,,,,,,,,,,,,,,,,,,,,
,0,9789869358866 ,,,,街頭生存指南：城市狹縫求生兼作樂的第一堂課,,,,,,,,,定海桥互助社x城市油鸡促进局,,,,,,,,,,,,,,,
,0,,,,,建筑与联合：设计行动、大众与公共性,48 ,,,,,,,,定海桥互助社x城市油鸡促进局,,,,,,,,,,,,,,,
,2,9787108062024 ,,,,昨日的世界——一个欧洲人的回忆,,,,,,,,,一岸学院,,,,,,,,,,,,,,,
,1,9787300110080 ,,,,忧郁的热带（精装）,,,,,,,,,一岸学院,,,,,,,,,,,,,,,
,0,9787300110073 ,,,,忧郁的热带（平装）,,,,,,,,,,,,,,,,,,,,,,,,
,0,,,,,世纪末的维也纳,,,,,,,,,一岸学院,,,,,,,,,,,,,,,
,0,9789867009166 ,,,,東京製造,,,,,,,,,一岸学院,,,,,,,,,,,,,,,
,0,9787112083985 ,,,,城市建筑学,,,,,,,,,一岸学院,,,,,,,,,,,,,,,
,1,9789868319509 ,,,,考現学入門/考现学入门,120 ,,,,,,,,Local本地,,,,,,,,,,,,,,,
,3,9787560869377 ,,,,开放营造：为弹性城市而设计,,,,,,,,,Local本地,,,,,,,,,,,,,,,
,0,9787302272731 ,,,,庇护所,,,,,,,,,Local本地,,,,,,,,,,,,,,,
,4,9787530499672 ,,,展板1 抽屉3,社区设计：比设计空间更重要的，是连接人与人的关系,,,,,,,,,Local本地,,,,,,,,,,,,,,,
,2,9787508681061 ,,,,人生拼图版,,,,,,,,,Local本地,,,,,,,,,,,,,,,
,1,9787508681061 ,,,,孤独及其所创造的,,,,,,,,,,,,,,,,,,,,,,,,
,1,9787510880049 ,,,,冬日笔记,,,,,,,,,,,,,,,,,,,,,,,,
,2,9787567509030 ,,,,既见君子：过去时代的诗与人,,,,,,,,,,,,,,,,,,,,,,,,
,1,9787567576582 ,,,,取瑟而歌：如何理解新诗,,,,,,,,,,,,,,,,,,,,,,,,
,1,9787308179232 ,,,,参与式博物馆：迈入博物馆2.0时代,,,,,,,,,Local本地,,,,,,,,,,,,,,,
,1,9787558039270 ,,,,在博物馆的废墟上,,,,,,,,,,,,,,,,,,,,,,,,
,1,9787558036958 ,,,,读村画城,,,,,,,,,周红玫,,,,,,,,,,,,,,,
,1,9787515317557 ,,,,南方以南：空间、地缘、历史与双年展,,,,,,,,,周红玫,,,,,,,,,,,,,,,
,1,9787807090786 ,,,,城市再生,,,,,,,,,周红玫,,,,,,,,,,,,,,,
,3,/,,,,深圳案例：2010上海世博会深圳案例馆,,,,,,,,,周红玫,,,,,,,,,,,,,,,
,1,9787538740400 ,,,,明月构想,,,,,,,,,刘家琨,,,,,,,,,,,,,,,
,2,9787112219179 ,,,前台2,胡同蘑菇,,,,,,,,,李涵,,,,,,,,,,,,,,,
,3,9787121326790 ,,,,抢街,,,,,,,,,,,,,,,,,,,,,,,,
,1,9787532740581 ,,,,肉体与石头：西方文明中的身体与城市,,,,,,,,,,,,,,,,,,,,,,,,
,1,9787112058532 ,,,,拼贴城市,,,,,,,,,,,,,,,,,,,,,,,,
,1,9787532756704 ,,,,落脚城市：最终的人口大迁徙与世界未来,,,,,,,,,,,,,,,,,,,,,,,,
,0,9787201156057 ,,,,Through China's Heartland,,,,,,,,,,,,,,,,,,,,,,,,
,2,9781616895938 ,,,,Frank Lloyd Wright: Meet the Artist!,196 ,Princeton Architectural Press,,,,,,,,,,,,,,,,,,,,,,
,2,9781616898519 ,,,,Compression: Steven Holl,280 ,Princeton Architectural Press,,,,,,,,,,,,,,,,,,,,,,
,2,9781568981949 ,,,,Archigram: Peter Cook,280 ,Princeton Architectural Press,,,,,,,,,,,,,,,,,,,,,,
,1,9780262693226 ,,,,Archigram: Architecture without Architecture ,420 ,The MIT Press,,,,,,,,,,,,,,,,,,,,,,
,1,9781568980157 ,,,,PAUL VIRILIO: Bunker Archeology,280 ,Princeton Architectural Press,,,,,,,,,,,,,,,,,,,,,,
,2,9781616895815 ,,,,Chandigarh Revealed,420 ,Princeton Architectural Press,,,,,,,,,,,,,,,,,,,,,,
,2,9781878271372 ,,,,"Flesh: Elizabeth Diller, Ricardo Scofidio",280 ,Princeton Architectural Press,,,,,,,,,,,,,,,,,,,,,,
,2,9781568980447 ,,,,Form Follows Finance: Skyscrapers and Skylines in New York and Chicago,210 ,Princeton Architectural Press,,,,,,,,,,,,,,,,,,,,,,
,2,9781568988702 ,,,,Model Making,175 ,Princeton Architectural Press,,,,,,,,,,,,,,,,,,,,,,
,2,9781568981550 ,,,,Points and Lines/ Stan Allen,315 ,Princeton Architectural Press,,,,,,,,,,,,,,,,,,,,,,
,0,9781616891008 ,,,,The Project of Autonomy/ Pier Vittorio Aureli,154 ,Princeton Architectural Press,,,,,,,,,,,,,,,,,,,,,,
,2,9781878271082 ,,,,Sexuality and Space/ Beatriz Colomina,263 ,Princeton Architectural Press,,,,,,,,,,,,,,,,,,,,,,
,2,9781568980546 ,,,,Theorizing a New Agenda for Architecture:1965-1995,350 ,Princeton Architectural Press,,,,,,,,,,,,,,,,,,,,,,
,2,9781568988597 ,,,,Constructing a New Agenda: Architechtural Theory 1993-2009,315 ,Princeton Architectural Press,,,,,,,,,,,,,,,,,,,,,,
,1,9781616896331 ,,,,The Minard System: The Complete Statistical Graphics of Charles-Joseph Minard,420 ,Princeton Architectural Press,,,,,,,,,,,,,,,,,,,,,,
,2,9781616893163 ,,,,Brodsky & Utkin,350 ,Princeton Architectural Press,,,,,,,,,,,,,,,,,,,,,,
,2,9781616897062 ,,,,W. E. B. Du Bois’s Data Portraits: visualizing black america,210 ,Princeton Architectural Press,,,,,,,,,,,,,,,,,,,,,,
,1,9781616891459 ,,,,The Landscape  Imagination: Collected Essays of James Corner 1990-2010,420 ,Princeton Architectural Press,,,,,,,,,,,,,,,,,,,,,,
,0,9781616892647 ,,,,The Buildings and Designs of Andrea Palladio,595 ,Princeton Architectural Press,,,,,,,,,,,,,,,,,,,,,,
,0,9781616891770 ,,,,The Sea Ranch,455 ,Princeton Architectural Press,,,,,,,,,,,,,,,,,,,,,,
,2,9781568986050 ,,,,Tom Kundig: Houses,280 ,Princeton Architectural Press,,,,,,,,,,,,,,,,,,,,,,
,1,9781616898069 ,,,,The Architecture of Trees,875 ,Princeton Architectural Press,,,,,,,,,,,,,,,,,,,,,,
,1,9781616898236 ,,,,An Atlas of Geographical Wonders: From Mountaintops to Riverbeds,350 ,Princeton Architectural Press,,,,,,,,,,,,,,,,,,,,,,
,0,9781568983318 ,,,,Italian Architecture of the 16th ce *OSI*,245 ,Princeton Architectural Press,,,,,,,,,,,,,,,,,,,,,,
,0,9781568984209 ,,,,Architecture  of Modern Italy Vol 1,245 ,Princeton Architectural Press,,,,,,,,,,,,,,,,,,,,,,
,0,9781878271563 ,,,,Pamphlet Architecture 13: Edge  of a City pb,105 ,Princeton Architectural Press,,,,,,,,,,,,,,,,,,,,,,
,0,9781568980119 ,,,,Pamphlet Architecture  15: War and Architecture pb,140 ,Princeton Architectural Press,,,,,,,,,,,,,,,,,,,,,,
,0,9781786276582 ,,,,299 Cats  (and a dog),199 ,Laurence King,,,,文创,,,,,,,,,,,,,,,,,,
,0,9781786273956 ,,,,Spot the Bot:  A Robot Seek and Find Game,189 ,Laurence King,,,,文创,,,,,,,,,,,,,,,,,,
,0,9781786276575 ,,,,Superstars:Make a Galaxy of 3D Paper Stars,149 ,Laurence King,,,,文创,,,,,,,,,,,,,,,,,,
,0,9781786274083 ,,,,"Going, Going, Gone!",239 ,Laurence King,,,,文创,,,,,,,,,,,,,,,,,,
,2,9781786274885 ,,,,Bauhaus Ballet,200 ,Laurence King,,,,,,,,,,,,,,,,,,,,,,
,2,9781786275622 ,,,,Le Corbusier Paper Models,167 ,Laurence King,,,,,,,,,,,,,,,,,,,,,,
,2,9781786270061 ,,,,Frank Lloyd Wright Paper Models,167 ,Laurence King,,,,,,,,,,,,,,,,,,,,,,
,0,9781856697217 ,,,,Folding  Techniques for Designers: From Sheet to Form,200 ,Laurence King,,,,,,,,,,,,,,,,,,,,,,
,2,9781786272614 ,,,,Hassan Fathy,650 ,Laurence King,,,,,,,,,,,,,,,,,,,,,,
,0,9781780673271 ,,,,Cut and Fold Techniques for Pop-up Designs,180 ,Laurence King,,,,,,,,,,,,,,,,,,,,,,
,2,9789063694791 ,,,,Design. Think. Make. Break. Repeat. A Handbook of Methods,300 ,BIS,,,,,,,,,,,,,,,,,,,,,,
,2,9789063695866 ,,,,How to Create Better Ideas: Connecting the Left and Right Brain in the Design Process,150 ,BIS,,,,,,,,,,,,,,,,,,,,,,
,2,9789063695873 ,,,,"Made in China, Designed in California, Criticised in Europe",130 ,BIS,,,,,,,,,,,,,,,,,,,,,,
,2,9789063694920 ,,,,This is a Good Guide-for a Sustainable Lifestyle: Revised and Paperback Edition,250 ,BIS,,,,,,,,,,,,,,,,,,,,,,
,0,9789063694531 ,,,,Visual Thinking,180 ,BIS,,,,,,,,,,,,,,,,,,,,,,
,1,9789063694999 ,,,,Visual Doing: applying visual thinking in your day-to-day business,180 ,BIS,,,,,,,,,,,,,,,,,,,,,,
,2,9789063694258 ,,,,Trashures,130 ,BIS,,,,,,,,,,,,,,,,,,,,,,
,1,9781786275806 ,,,,Joel Meyerowitz: How I Make Photographs,150 ,Laurence King,,,,,,,,,,,,,,,,,,,,,,
,,,,,,UNO建筑地图（浪漫/住宅/武康路/第一代建筑师）,15 ,,,,,文创,,,,UNO,,,,,,,,,,,,,,
,,,,,,UNO手账（细部/立面）,18 ,,,,,文创,,,,UNO,,,,,,,,,,,,,,
,,,,,,UNO明信片,45 ,,,,,文创,,,,UNO,,,,,,,,,,,,,,
,,,,,,UNO冰箱贴,45 ,,,,,文创,,,,UNO,,,,,,,,,,,,,,
,,,,,,UNO印章,42 ,,,,,文创,,,,UNO,,,,,,,,,,,,,,
,1,,,,书架1,修武当阳峪陶瓷,,,,,,,,,,,,,,,,,,,,,,,,
,21,,,,,大南坡出版物：竹林七贤,58 ,,,,,,,,,大南坡,,,,,,,,,,,,,,
,20,,,,,大南坡出版物：麦字,38 ,,,,,,,,,大南坡,,,,,,,,,,,,,,
,,,,,,大南坡帆布袋（山川/风度/修武/作物/工艺）,79 ,,,,,文创,,,,大南坡,,,,,,,,,,,,,,
,,,,,,大南坡大号土布包,98 ,,,,,文创,,,,大南坡,,,,,,,,,,,,,,
,,,,,,大南坡小号土布包,68 ,,,,,文创,,,,大南坡,,,,,,,,,,,,,,
,,,,,,大南坡土布围裙,98 ,,,,,文创,,,,大南坡,,,,,,,,,,,,,,
,,,,,,大南坡水杯,39 ,,,,,文创,,,,大南坡,,,,,,,,,,,,,,
,,,,,,大南坡啤酒（山药/冰菊）,45 ,,,,,饮品,,,,大南坡,,,,,,,,,,,,,,
,,,,,,大南坡啤酒（熊猫）,35 ,,,,,饮品,,,,大南坡,,,,,,,,,,,,,,
,,,,,,大南坡汽水（冰菊）,35 ,,,,,饮品,,,,大南坡,,,,,,,,,,,,,,
,,,,,,大南坡气味笔记本,48 ,,,,,文创,,,,大南坡,,,,,,,,,,,,,,
,,,,,,大南坡徽章,36 ,,,,,文创,,,,大南坡,,,,,,,,,,,,,,
,,,,,,大南坡T恤,138 ,,,,,文创,,,,大南坡,,,,,,,,,,,,,,
,,,,,,無名营造社：香禾糯酒（甜/辣）,88 ,,,,,饮品,,,,無名有物,,,,,,,,,,,,,,
,,,,,,独乐：营造历,98 ,,,,,文创,,,,独乐,,,,,,,,,,,,,,
,,,,,,独乐：文件夹/ 中国建筑之“order”,15 ,,,,,文创,,,,独乐,,,,,,,,,,,,,,
,1,9772096645205 ,,,,建筑实践2,,,,,,,,,,建筑实践,,,,,,,,,,,,,,
,1,9772096645205 ,,,,建筑实践3,,,,,,,,,,,,,,,,,,,,,,,,
,1,9772096645205 ,,,,建筑实践4,,,,,,,,,,,,,,,,,,,,,,,,
,1,9772096645205 ,,,,建筑实践6,,,,,,,,,,,,,,,,,,,,,,,,
,1,9772096645205 ,,,,建筑实践7,,,,,,,,,,,,,,,,,,,,,,,,
,1,9772096645205 ,,,,建筑实践8,,,,,,,,,,,,,,,,,,,,,,,,
,3,9772096645205 ,,,,建筑实践9,,,,,,,,,,,,,,,,,,,,,,,,
,1,9771009716056 ,,,,城市中国86,,,,,,,,,,,,,,,,,,,,,,,,
,1,9771009716056 ,,,,城市中国87,,,,,,,,,,,,,,,,,,,,,,,,
,1,9771009716056 ,,,,城市中国88,,,,,,,,,,城市中国,,,,,,,,,,,,,,
,1,9787515506166 ,,,,碧山01,,,,,,,,,,左靖工作室,,,,,,,,,,,,,,
,1,9787515507323 ,,,,碧山02,,,,,,,,,,左靖工作室,,,,,,,,,,,,,,
,1,9787515508092 ,,,,碧山03,,,,,,,,,,左靖工作室,,,,,,,,,,,,,,
,1,9787515509051 ,,,,碧山04,,,,,,,,,,左靖工作室,,,,,,,,,,,,,,
,1,9787515510729 ,,,,碧山05,,,,,,,,,,左靖工作室,,,,,,,,,,,,,,
,1,9787508650159 ,,,,碧山06,,,,,,,,,,左靖工作室,,,,,,,,,,,,,,
,1,9787508649931 ,,,,碧山07,,,,,,,,,,左靖工作室,,,,,,,,,,,,,,
,1,9787508657103 ,,,,碧山08,,,,,,,,,,左靖工作室,,,,,,,,,,,,,,
,1,9787508660561 ,,,,碧山09,,,,,,,,,,左靖工作室,,,,,,,,,,,,,,
,1,9787508678733 ,,,,碧山10,,,,,,,,,,左靖工作室,,,,,,,,,,,,,,
,1,9787521711417 ,,,,碧山11,,,,,,,,,,左靖工作室,,,,,,,,,,,,,,
,0,,,,,碧山12,,,,,,,,,,左靖工作室,,,,,,,,,,,,,,
,1,9787521713824 ,,,,碧山13,,,,,,,,,,左靖工作室,,,,,,,,,,,,,,
,1,9787515503752 ,,,,汉品01,,,,,,,,,,左靖工作室,,,,,,,,,,,,,,
,0,,,,,汉品02,,,,,,,,,,左靖工作室,,,,,,,,,,,,,,
,1,9771008006196 ,,,,家园homeland150：龙舟之境,,,,,,,,,,,,,,,,,,,,,,,,
,1,9771008006196 ,,,,家园homeland151：艺术在野,,,,,,,,,,,,,,,,,,,,,,,,
,1,9771008006196 ,,,,家园homeland147&148：仓山宝藏,,,,,,,,,,,,,,,,,,,,,,,,
,1,9789860591750 ,,,,社区交往,150 ,,,,,,,,,,,,,,,,,,,,,,,
,6,9789869782364 ,,,书架1 墩子1 抽屉4,合作住宅指南,155 ,行人文化,,,,,,,,,,,,,,,,,,,,,,
,8,,,,,山谷,65 ,来来来摄影组,,,,,,,,,,,,,,,,,,,,,,
,1,,,,,山城回响,168 ,来来来摄影组,,,,,,,,,,,,,,,,,,,,,,
,,,,,,LOST #05,150 ,VOLUME PRESS,,,,,,,,,,,,,,,,,,,,,,
,,,,,,LOST #06,150 ,VOLUME PRESS,,,,,,,,,,,,,,,,,,,,,,
,0,,,,,LOST #07,150 ,VOLUME PRESS,,,,,,,,,,,,,,,,,,,,,,
,3,,,,,DRAWN,238 ,VOLUME PRESS,,,,,,,,,,,,,,,,,,,,,,
,,,,,,果篓,50 ,,,,,,,,,,,,,,,,,,,,,,,
,2,,,,,时代之始——占领运动中的愤怒派和情境主义者们,42 ,副本制作,,,,,,,,,,,,,,,,,,,,,,
,2,,,,,直到胜利——1968五十周年,88 ,副本制作,,,,,,,,,,,,,,,,,,,,,,
,2,,,,,潜行者,130 ,副本制作,,,,,,,,,,,,,,,,,,,,,,
,6,-,,,,新联合主义运动原则（第三版）,62 ,副本制作,,,,,,,,,,,,,,,,,,,,,,
,6,-,,,,妇女的力量与社会翻转,62 ,副本制作,,,,,,,,,,,,,,,,,,,,,,
,8,-,,,,世界大笨蛋反叛手册（第三版）,115 ,副本制作,,,,,,,,,,,,,,,,,,,,,,
,6,-,,,,siasat——艺术家运营空间的快速指南 测试版,45 ,副本制作,,,,,,,,,,,,,,,,,,,,,,
,2,-,,,,第二次普罗米修斯,55 ,副本制作,,,,,,,,,,,,,,,,,,,,,,
,2,-,,,,ding-ding-fing! vol.11（东北亚专号）,62 ,副本制作,,,,,,,,,,,,,,,,,,,,,,
,2,-,,,,ding-ding-fing! vol.10,75 ,副本制作,,,,,,,,,,,,,,,,,,,,,,
,0,-,,,,碧曲口述2008-2016,45 ,副本制作,,,,,,,,,,,,,,,,,,,,,,
,2,-,,,,各种未来,45 ,副本制作,,,,,,,,,,,,,,,,,,,,,,
,2,-,,,,露台,45 ,副本制作,,,,,,,,,,,,,,,,,,,,,,
,2,-,,,,饿车,45 ,副本制作,,,,,,,,,,,,,,,,,,,,,,
,2,-,,,长桌1 墩子2,你，为什么不生气？｜WHY DON'T YOU SHOW YOUR ANGER,199 ,AP Project,,,,,,,,,,,,,,,,,,,,,,
,5,-,,,长桌1 墩子4,美丽城地铁站,89 ,AP Project,,,,,,,,,,,,,,,,,,,,,,
,1,-,,,,中国作为问题 第一辑,99 ,中间美术馆,,,,,,,,,,,,,,,,,,,,,,
,1,-,,,,中国作为问题 第二辑,99 ,中间美术馆,,,,,,,,,,,,,,,,,,,,,,
,2,-,,,,普遍与特殊：何为亚洲性？,90 ,中间美术馆,,,,,,,,,,,,,,,,,,,,,,
,5,-,,,前台1 墩子4,露宿者空间使用指南,36 ,子杰,,,,,,,,,,,,,,,,,,,,,,
,4,-,,,前台1 墩子3,东湖龙王庙和自治空间,36 ,子杰,,,,,,,,,,,,,,,,,,,,,,
,4,-,,,前台1 墩子3,真的露宿者空间使用指南书,36 ,子杰,,,,,,,,,,,,,,,,,,,,,,
,3,-,,,前台1 墩子2,青少年异度空间营造手册,36 ,子杰,,,,,,,,,,,,,,,,,,,,,,
,4,-,,,前台1 墩子3,当季球根栽培法/武汉流浪汉,36 ,子杰,,,,,,,,,,,,,,,,,,,,,,
,4,-,,,长桌1 墩子3,拱廊机器使用说明书,60 ,子杰,,,,,,,,,,,,,,,,,,,,,,
,0,-,,,,花家地,180 ,罗森,,,,,,,,,,,,,,,,,,,,,,
,7,,,,书架1 储藏间6,上海-chicago,100 ,梯,,,,,,,,,,,,,,,,,,,,,,
,1,9780714875170 ,,,,Exhibit A，A展览：创造历史的建筑展,620 ,,,,,,,,,,,,,,,,,,,,,,,
,1,9780500021644 ,,,,Vincent Van Duysen Works  2009–2018，文森特·范·杜伊森作品集2009-2018,480 ,,,,,,,,,,,,,,,,,,,,,,,
,1,9783899559408 ,,,,Ricardo Bofill,450 ,,,,,,,,,,,,,,,,,,,,,,,
,1,9781597113090 ,,,,Stephen Shore: Survey，斯蒂芬·肖尔：审视,440 ,,,,,,,,,,,,,,,,,,,,,,,
,1,9781419728921 ,,,,The World of Apartamento: ten years of everyday life interior  英文原版 杂志十年回顾特辑,420 ,,,,,,,,,,,,,,,,,,,,,,,
,1,9781760760151 ,,,,"Australia Modern:  Architecture, Landscape & Design 1925–1975，现代澳大利亚",420 ,,,,,,,,,,,,,,,,,,,,,,,
,1,9781849944571 ,,,,The Barbican Estate,395 ,,,,,,,,,,,,,,,,,,,,,,,
,1,9780870709616 ,,,,From Bauhaus to Buenos  Aires: Grete Stern and Horacio Coppola，从包豪斯到布宜诺斯艾利斯：斯特恩与奥拉西奥.科波拉,380 ,,,,,,,,,,,,,,,,,,,,,,,
,1,9780300207729 ,,,,Designing the Modern  City: Urbanism Since 1850 设计现代城市：1850年以来的城市主义,360 ,,,,,,,,,,,,,,,,,,,,,,,
,1,9780300244229 ,,,,Lina Bo Bardi 丽娜·博·巴迪,360 ,,,,,,,,,,,,,,,,,,,,,,,
,1,9783960987543 ,,,,Wolfgang Tillmans: Today is the First Day,330 ,,,,,,,,,,,,,,,,,,,,,,,
,1,9781872005423 ,,,,Home Futures，生活在昨天的明天,300 ,,,,,,,,,,,,,,,,,,,,,,,
,2,9783899555257 ,,,,Less but Better，少即是好,270 ,,,,,,,,,,,,,,,,,,,,,,,
,1,9784756249753 ,,,,"The Art of Fantasy, Sci-Fi and Steampunk",280 ,,,,,,,,,,,,,,,,,,,,,,,
,1,9780500343548 ,,,,Eileen Gray: Her Life and  Work，艾琳·格雷：她的生活和工作,270 ,Thames & Hudson,,,,,,,,,,,,,,,,,,,,,,
,1,9784756243362 ,,,,789++,265 ,,,,,,,,,,,,,,,,,,,,,,,
,0,9783791384313 ,,,,Modern Forms 现代形式：20世纪建筑的主观地图集,230 ,,,,,,,,,,,,,,,,,,,,,,,
,1,9789620446702 ,,,,香港字型城市——香港造字匠,228 ,,,,,,,,,,,,,,,,,,,,,,,
,0,9780995745568 ,,,,Soviet Metro Stations，苏联地铁站,220 ,,,,,,,,,,,,,,,,,,,,,,,
,0,9788395057458 ,,,,Panelki 搭建你自己的社会主义预制装配式建筑模型,220 ,,,,,,,,,,,,,,,,,,,,,,,
,0,9783791383002 ,,,,Brutal London 野性伦敦:建设自己的混凝土首都,220 ,,,,,,,,,,,,,,,,,,,,,,,
,1,9784861524776 ,,,,山口晃 前に下がる 下を仰ぐ山口晃 艺术作品集录,220 ,,,,,,,,,,,,,,,,,,,,,,,
,1,9784861523670 ,,,,山口晃大画面作品集,,,,,,,,,,,,,,,,,,,,,,,,
,1,9787559643445 ,,,墩子1,时间图谱（简中）,,,,,,,,,,,,,,,,,,,,,,,,
,3,9789863445203 ,,,,时光的制图学-由时间轴拉开的人类文明史,210 ,,,,,,,,,,,,,,,,,,,,,,,
,1,9781789140644 ,,,,Future Cities: architecture and the imagination 未来城市:建筑与想象 建筑与艺术的交汇,210 ,,,,,,,,,,,,,,,,,,,,,,,
,1,9783836580779 ,,,,Christo and  Jeanne-Claude: The Floating Piers，克劳德夫妇：浮动工程,210 ,,,,,,,,,,,,,,,,,,,,,,,
,1,9783836584289 ,,,,The Art and Science of Ernst Haeckel，恩斯特·海克尔,210 ,,,,,,,,,,,,,,,,,,,,,,,
,6,9783836584395 ,,,,"Koolhaas. Countryside, A Report，库哈斯:乡村报告",210 ,,,,,,,,,,,,,,,,,,,,,,,
,0,9780995745551 ,,,,Soviet Asia:Soviet  Modernist Architecture in CentralAsia，苏维埃亚洲：中亚苏维埃现代主义建筑,200 ,,,,,,,,,,,,,,,,,,,,,,,
,1,9780500343531 ,,,,Model City Pyongyang 模范城市平壤,190 ,,,,,,,,,,,,,,,,,,,,,,,
,2,9780993191107 ,,,,Soviet Bus Stops Vol 1,,,,,,,,,,,,,,,,,,,,,,,,
,2,9780993191183 ,,,,Soviet Bus Stops Volume II: 2，苏联公交站卷二,190 ,,,,,,,,,,,,,,,,,,,,,,,
,1,9780500292280 ,,,,Design: The Whole Story，设计：一个完整的故事,190 ,,,,,,,,,,,,,,,,,,,,,,,
,2,9784097250562 ,,,,喜欢恶作剧的建筑师 安藤忠雄 建筑绘本  いたずらのすきなけんちくか,180 ,,,,,,,,,,,,,,,,,,,,,,,
,1,9783836559409 ,,,,PIRANESI 皮拉内西版画雕像艺术绘画集,180 ,,,,,,,,,,,,,,,,,,,,,,,
,1,,,,,Casa BRUTUS特集 修缮大全 日文原版  Casa BRUTUS特別編集 リノベーション大全 マガジンハウスムック,180 ,,,,,,,,,,,,,,,,,,,,,,,
,1,,,,,Bauhaus  德国包豪斯艺术设计 作品与档案大全,180 ,,,,,,,,,,,,,,,,,,,,,,,
,,,,,,Casa BRUTUS Life design Books,180 ,,,,,,,,,,,,,,,,,,,,,,,
,2,,,,,Julius Shulman: Modernism Rediscovered,180 ,,,,,,,,,,,,,,,,,,,,,,,
,1,,,,,Casa BRUTUS 杉本博司,180 ,,,,,,,,,,,,,,,,,,,,,,,
,,,,,,The East End in Colour  1980-1990，东区的彩色照片1980-1990,170 ,,,,,,,,,,,,,,,,,,,,,,,
,,,,,,COSMIC COMMUNIST  CONSTRUCTIONS PHOTOGRAPHED 宇宙的构成,170 ,,,,,,,,,,,,,,,,,,,,,,,
,1,9783836527033 ,,,,The Eiffel Tower，埃菲尔铁塔,170 ,,,,,,,,,,,,,,,,,,,,,,,
,,,,,,COSMIC COMMUNIST  CONSTRUCTIONS PHOTOGRAPHED 宇宙的构成,170 ,,,,,,,,,,,,,,,,,,,,,,,
,1,9780714877297 ,,,,30000 Years of Art ,160 ,,,,,,,,,,,,,,,,,,,,,,,
,1,9789571376776 ,,,,包浩斯ABC,155 ,,,,,,,,,,,,,,,,,,,,,,,
,1,9789869331555 ,,,,游击造屋：谢英俊512四川地震重建参与实录,150 ,,,,,,,,,,,,,,,,,,,,,,,
,1,9780525657286 ,,,,iPhone是包豪斯理想和设计的体现 精装  iBauhaus: The iPhone as the Embodiment of Bauhaus Ideals and Design,150 ,,,,,,,,,,,,,,,,,,,,,,,
,1,,,,,Casa BRUTUS特辑  优秀的办公场所设计2.5デザインのいい仕事場2.5,150 ,,,,,,,,,,,,,,,,,,,,,,,
,,,,,,Magazine B | #37: TSUTAYA,150 ,,,,,,,,,,,,,,,,,,,,,,,
,1,,,,,Magazine B | #72: HAY,150 ,,,,,,,,,,,,,,,,,,,,,,,
,1,,,,,Magazine B | #60: MONOCLE,150 ,,,,,,,,,,,,,,,,,,,,,,,
,2,9789864776092 ,,,,Bullshit Jobs（台版）  40%的工作没意义，为什么还抢着做？论狗屁工作的出现与劳动价值的再思,150 ,,,,,,,,,,,,,,,,,,,,,,,
,,,,,,心灵之眼,140 ,,,,,,,,,,,,,,,,,,,,,,,
,2,9789868976245 ,,,,Casa Casa BRUTUS特集 - 柳宗理,140 ,,,,,,,,,,,,,,,,,,,,,,,
,1,9780374519971 ,,,,尤瑟纳尔：东方奇观 Oriental Tales:  Stories Marguerite Yourcenar,140 ,,,,,,,,,,,,,,,,,,,,,,,
,1,9783836570220 ,,,,KAY NIELSEN. EAST OF THE  SUN AND WEST OF THE MOON，太阳的东边月亮的西边,140 ,,,,,,,,,,,,,,,,,,,,,,,
,1,9789865509231 ,,,,栖居：都市规划的过去、现在与未来｜棲居：都市規劃的過去、現在與未來，如何打造開放城市，尋找居住平衡的新契機？,140 ,,,,,,,,,,,,,,,,,,,,,,,
,1,9789864776337 ,,,,机械复制时代的艺术作品（台版）,140 ,,,,,,,,,,,,,,,,,,,,,,,
,1,9784416617939 ,,,,雑貨&フ—ド ラッピングブック，杂货&食品包装书,140 ,,,,,,,,,,,,,,,,,,,,,,,
,3,9789620445460 ,,,,地方营造：重塑社区肌理的过去与未来,135 ,,,,,,,,,,,,,,,,,,,,,,,
,,,,,,The Urban Forager,130 ,,,,,,,,,,,,,,,,,,,,,,,
,0,9789888675487 ,,,,你看港街招牌,128 ,,,,,,,,,,,,,,,,,,,,,,,
,1,9789862356982 ,,,,山崎亮：社区设计的时代,,,,,,,,,,,,,,,,,,,,,,,,
,1,9789571375656 ,,,,跟着山崎亮去充电：探訪美西工藝設計現場,125 ,,,,,,,,,,,,,,,,,,,,,,,
,1,9789571375632 ,,,,跟着山崎亮去充电：走讀北歐生活設計最前線,125 ,,,,,,,,,,,,,,,,,,,,,,,
,,,,,,跟着山崎亮去充电：踏查英伦小区设计轨迹,125 ,,,,,,,,,,,,,,,,,,,,,,,
,0,,,,,老屋创生,125 ,,,,,,,,,,,,,,,,,,,,,,,
,1,9789571364629 ,,,,纽约学 New-yorkology,120 ,,,,,,,,,,,,,,,,,,,,,,,
,2,9789862357507 ,,,,如何在果冻上盖城市？,120 ,,,,,,,,,,,,,,,,,,,,,,,
,1,9789865727932 ,,,,反造再起：城市共生ing,150 ,,,,,,,,,,,,,,,,,,,,,,,
,1,9789866723940 ,,,,反造城市：台灣非典型都市規劃術,150 ,,,,,,,,,,,,,,,,,,,,,,,
,1,9789866723933 ,,TRUE,,城市造反：全球非典型都市規劃術,,,,,,,,,,,,,,,,,,,,,,,,
,1,9789869408912 ,,,,哇！原來這也是合作社：大不列顛COOP踏查報告,,,,,,,,,,,,,,,,,,,,,,,,
,2,9789869478199 ,,,,策展人工作指南,120 ,,,,,,,,,,,,,,,,,,,,,,,
,0,,,,,策展人手册,98 ,,,,,,,,,,,,,,,,,,,,,,,
,1,9789862357934 ,,,,折叠都市：从日本的都市规划实践经验  飨庭伸,120 ,,,,,,,,,,,,,,,,,,,,,,,
,1,4910180290909 ,,,,POPEYE(ポパイ) 2020年9月号,120 ,,,,,,,,,,,,,,,,,,,,,,,
,2,4910180290800 ,,,,POPEYE(ポパイ) 2020年8月号,120 ,,,,,,,,,,,,,,,,,,,,,,,
,1,9780805210576 ,,,,The Metamorhosis: And Other Stories 卡夫卡：变形记,128 ,,,,,,,,,,,,,,,,,,,,,,,
,1,9789863772415 ,,,,中国建筑图解词典,120 ,,,,,,,,,,,,,,,,,,,,,,,
,1,9789575036485 ,,,,STEAM创造家：建筑师莱特：改变世界的形状,110 ,,,,,,,,,,,,,,,,,,,,,,,
,1,9789861738147 ,,,,日本古书店的手绘旅行,110 ,,,,,,,,,,,,,,,,,,,,,,,
,1,9789869358866 ,,,,街头生存指南,105 ,,,,,,,,,,,,,,,,,,,,,,,
,1,9789863446255 ,,,,空间物种：一部空间使用者的日志,100 ,,,,,,,,,,,,,,,,,,,,,,,
,1,9789863445715 ,,,,昭和百工图鉴,98 ,,,,,,,,,,,,,,,,,,,,,,,
,0,,,,,社区设计的时代：自己的城市自己打造,90 ,,,,,,,,,,,,,,,,,,,,,,,
,2,9789869859226 ,,,,街头设计：改变街道的七种方式,90 ,,,,,,,,,,,,,,,,,,,,,,,
,1,9789578950306 ,,,,日本街角图鉴：交通錐、人孔蓋、轉角鏡，35種人造小物 × 900張實景圖片，最全面的日本街頭小物設計大全,90 ,,,,,,,,,,,,,,,,,,,,,,,
,1,9780789336644 ,,,,Notable Boats 著名的船,88 ,,,,,,,,,,,,,,,,,,,,,,,
,1,9771815922009 ,,,,design 360° N.87 地方创生设计：土地个性的力量,65 ,,,,,,,,,,,,,,,,,,,,,,,
,1,9771815922009 ,,,,design 360° N.83 艺术书展：玩乐指南新鲜速递,55 ,,,,,,,,,,,,,,,,,,,,,,,
,1,9771815922009 ,,,,design 360° N.82 设计策展,55 ,,,,,,,,,,,,,,,,,,,,,,,
,3,9789868711235 ,,,,Wabi-Sabi：给设计者、生活家的日式美学基础,55 ,,,,,,,,,,,,,,,,,,,,,,,
,4,9789869214148 ,,,,重返Wabi-Sabi：给日式生活爱好者的美学思考,68 ,,,,,,,,,,,,,,,,,,,,,,,
,2,9787508689630 ,,,,知日：再发现，浮世绘,,,,,,,,,,,,,,,,,,,,,,,,
,1,9787539980898 ,,,,长物志｜長物志,,,,,,,,,,,,,,,,,,,,,,,,
,2,,,,,the Work of  Art in the Age of Mechanical Reproduction 机械复制时代的艺术作品,55 ,,,,,,,,,,,,,,,,,,,,,,,
,0,,,,,Notes on Camp，坎普札记,30 ,,,,,,,,,,,,,,,,,,,,,,,
,1,9789620440229 ,,,,澳门街市,24 ,,,,,,,,,,,,,,,,,,,,,,,
,2,,,,,Spittoon | #5,45 ,,,,,,,,,,,,,,,,,,,,,,,
,1,,,,,Spittoon | #6,45 ,,,,,,,,,,,,,,,,,,,,,,,
,1,,,,,Corner | #1: Football+Society,240 ,,,,,,,,,,,,,,,,,,,,,,,
,1,,,,,Vesper | #2: Author-Matter,240 ,,,,,,,,,,,,,,,,,,,,,,,
,1,,,,,the Modernist | #34: juxtaposition,140 ,,,,,,,,,,,,,,,,,,,,,,,
,1,,,,,Modern Matter | #17,190 ,,,,,,,,,,,,,,,,,,,,,,,
,1,,,,,Macguffin | #6: The Ball,240 ,,,,,,,,,,,,,,,,,,,,,,,
,1,,,,,Macguffin | #5: The Cabinet,240 ,,,,,,,,,,,,,,,,,,,,,,,
,1,,,,,Hamam | #1,240 ,,,,,,,,,,,,,,,,,,,,,,,
,1,,,,,Real Review | #10 Autumn 2020,160 ,,,,,,,,,,,,,,,,,,,,,,,
,1,,,,,Archives | #4: Eduardo Souto de Moura,360 ,,,,,,,,,,,,,,,,,,,,,,,
,1,,,,,Benji Knewman | #12,220 ,,,,,,,,,,,,,,,,,,,,,,,
,0,,,,,营造法式解读(修订版),,东南大学出版社,,,,,,,,,,,,,,,,,,,,,,
,0,,,,,江南理景艺术,,东南大学出版社,,,,,,,,,,,,,,,,,,,,,,
,2,9787564170943 ,,,,斗拱（上+下）,,东南大学出版社,,,,,,,,,,,,,,,,,,,,,,
,2,9787564162184 ,,,,中国古代金属建筑研究,,东南大学出版社,,,,,,,,,,,,,,,,,,,,,,
,,,,,,东方儒光：中国古代城市孔庙研究,,东南大学出版社,,,,,,,,,,,,,,,,,,,,,,
,1,9787564163129 ,,,,山西万荣稷王庙建筑考古研究,,东南大学出版社,,,,,,,,,,,,,,,,,,,,,,
,1,9787564136895 ,,,,宁波保国寺大殿：勘测分析与基础研究,,东南大学出版社,,,,,,,,,,,,,,,,,,,,,,
,2,9787560859590 ,,,,中国传统建筑形制与工艺（第3版）,,同济大学出版社,,,,,,,,,,,,,,,,,,,,,,
,50,9787560888996 ,,,,海因茨·宾纳菲尔德：建筑与方案 Heinz Bienefeld,,同济大学出版社,,,,,,,,,,,,,,,,,,,,,,
,23,9787560881065 ,,,,从问集,,同济大学出版社,,,,,,,,,,,,,,,,,,,,,,
,5,9787560861425 ,,,,杰弗里·巴瓦全集,,同济大学出版社,,,,,,,,,,,,,,,,,,,,,,
,14,9787560880570 ,,,,寻找巴瓦,,同济大学出版社,,,,,,,,,,,,,,,,,,,,,,
,1,9789811185748 ,,,,BAWA STAIRCASES,,,,,,,,,,,,,,,,,,,,,,,,
,1,9787560849249 ,,,,收缩的城市,,同济大学出版社,,,,,,,,,,,,,,,,,,,,,,
,2,9787560885209 ,,,,从无限运算力到无限想象力：设计人工智能概览,,同济大学出版社,,,,,,,,,,,,,,,,,,,,,,
,4,9787560860862 ,,,,勒·柯布西耶：为现代而生,,同济大学出版社,,,,,,,,,,,,,,,,,,,,,,
,1,9787560877600 ,,,,现代建筑的形式基础,,同济大学出版社,,,,,,,,,,,,,,,,,,,,,,
,11,9787560852942 ,,,,一点儿北京,,同济大学出版社,,,,,,,,,,,,,,,,,,,,,,
,6,9787560860015 ,,,,一点儿北京·大栅栏,,同济大学出版社,,,,,,,,,,,,,,,,,,,,,,
,10,9787560881980 ,,,,骑行上海,,同济大学出版社,,,,,,,,,,,,,,,,,,,,,,
,5,9787560863023 ,,,长桌2 抽屉3,百工01,,同济大学出版社,,,,,,,,,,,,,,,,,,,,,,
,3,9787560881096 ,,,长桌1,百工02,,同济大学出版社,,,,,,,,,,,,,,,,,,,,,,
,6,9787560885285 ,,,,幻园01,,同济大学出版社,,,,,,,,,,,,,,,,,,,,,,
,3,9787560872261 ,,,,幻园02,,同济大学出版社,,,,,,,,,,,,,,,,,,,,,,
,29,9787560856308 ,,,,乌有园01：幻梦与真实,,同济大学出版社,,,,,,,,,,,,,,,,,,,,,,
,3,9787560865294 ,,,,乌有园02 ：绘画与园林,,同济大学出版社,,,,,,,,,,,,,,,,,,,,,,
,7,9787560879635 ,,,,乌有园03,,同济大学出版社,,,,,,,,,,,,,,,,,,,,,,
,1,9787560856315 ,,,书架1,如画观法,,同济大学出版社,,,,,,,,,,,,,,,,,,,,,,
,4,9787560888149 ,,,,空间再现：断裂与修复,,同济大学出版社,,,,,,,,,,,,,,,,,,,,,,
,2,9787560859965 ,,,墩子1,十谈十写,,同济大学出版社,,,,,,,,,,,,,,,,,,,,,,
,6,9787560881652 ,,,墩子2,长夜的独行者,,同济大学出版社,,,,,,,,,,,,,,,,,,,,,,
,2,9787560862637 ,,,,长安的传奇,,同济大学出版社,,,,,,,,,,,,,,,,,,,,,,
,1,9787560874623 ,,,,王骏阳建筑学论文集：理论·历史·批评（一）,,同济大学出版社,,,,,,,,,,,,,,,,,,,,,,
,1,9787560881102 ,,,,王骏阳建筑学论文集：阅读柯林·罗的《拉图雷特》（二）,,同济大学出版社,,,,,,,,,,,,,,,,,,,,,,
,2,9787560852140 ,,,,宅在故宫边,,同济大学出版社,,,,,,,,,,,,,,,,,,,,,,
,4,9787560882246 ,,,墩子2 抽屉2,陈从周造园三章,,同济大学出版社,,,,,,,,,,,,,,,,,,,,,,
,1,9787560858975 ,,,,营山造海,,同济大学出版社,,,,,,,,,,,,,,,,,,,,,,
,2,9787560889009 ,,,墩子5,福州市历史建筑保护利用案例指南,,同济大学出版社,,,,,,,,,,,,,,,,,,,,,,
,2,9787560887869 ,,,,花园里的花园,,同济大学出版社,,,,,,,,,,,,,,,,,,,,,,
,2,9787560866567 ,,,,深圳竞赛：深圳城市/建筑设计国际竞赛（1994-2014）,,同济大学出版社,,,,,,,,,,,,,,,,,,,,,,
,2,9787560870854 ,,,,凤凰中心：为明天而设计,,同济大学出版社,,,,,,,,,,,,,,,,,,,,,,
,0,,,,,上海制造 第1版,,同济大学出版社,,,,,,,,,,,,,,,,,,,,,,
,7,9787560853680 ,,,,上海制造 第2版,,同济大学出版社,,,,,,,,,,,,,,,,,,,,,,
,5,9787560885780 ,,,,三分院,,同济大学出版社,,,,,,,,,,,,,,,,,,,,,,
,14,9787560856742 ,,,,三乐记,,同济大学出版社,,,,,,,,,,,,,,,,,,,,,,
,3,9787560871417 ,,,,绘长沙：太平街,,同济大学出版社,,,,,,,,,,,,,,,,,,,,,,
,20,9787560873381 ,,,,营国,,同济大学出版社,,,,,,,,,,,,,,,,,,,,,,
,1,9787302155256 ,,,,郭洞村,,,,,,,,,,,,,,,,,,,,,,,,
,3,9787560872377 ,,,,「龙·计划」五龙庙的故事,,同济大学出版社,,,,,,,,,,,,,,,,,,,,,,
,2,9787560867038 ,,,,玖章造园,,同济大学出版社,,,,,,,,,,,,,,,,,,,,,,
,2,9787560872735 ,,,,造园实录,,同济大学出版社,,,,,,,,,,,,,,,,,,,,,,
,13,9787560878423 ,,,,孔子故里 曲阜,,同济大学出版社,,,,,,,,,,,,,,,,,,,,,,
,7,9787560875811 ,,,,连接 共享未来的公共空间 this connection,,同济大学出版社,,,,,,,,,,,,,,,,,,,,,,
,1,9787560862965 ,,,,2015上海城市空间艺术季案例展,,同济大学出版社,,,,,,,,,,,,,,,,,,,,,,
,6,9787560863016 ,,,,平民设计 日用即道,,同济大学出版社,,,,,,,,,,,,,,,,,,,,,,
,14,9787560856704 ,,,,栖居之重——全球背景下的上海近现代住宅设计,,同济大学出版社,,,,,,,,,,,,,,,,,,,,,,
,6,9787560856001 ,,,,建筑师王大闳,,同济大学出版社,,,,,,,,,,,,,,,,,,,,,,
,4,9787560876948 ,,,,承孝相 建筑档案,,同济大学出版社,,,,,,,,,,,,,,,,,,,,,,
,1,9788930105149 ,,,,Seung H-sang Document,,同济大学出版社,,,,,,,,,,,,,,,,,,,,,,
,3,9787560869001 ,,,,形式与政治 建筑研究的一种方法,,同济大学出版社,,,,,,,,,,,,,,,,,,,,,,
,1,9787112088676 ,,,,建构文化研究——论19世纪和20世纪建筑中的建造诗学,,,,,,,,,,,,,,,,,,,,,,,,
,1,9787511715326 ,,,,建筑文化研究4,,,,,,,,,,,,,,,,,,,,,,,,
,3,9787560853949 ,,,,建筑文化研究5,,同济大学出版社,,,,,,,,,,,,,,,,,,,,,,
,38,9787560857299 ,,,,建筑文化研究6,,同济大学出版社,,,,,,,,,,,,,,,,,,,,,,
,5,9787560860824 ,,,,建筑文化研究7,,同济大学出版社,,,,,,,,,,,,,,,,,,,,,,
,0,9787560867076 ,,,,建筑文化研究8,,同济大学出版社,,,,,,,,,,,,,,,,,,,,,,
,2,9787560882185 ,,,,建筑文化研究9,,,,,,,,,,,,,,,,,,,,,,,,
,1,9787560867274 ,,,,久违的现代：王大闳建筑文献集,,同济大学出版社,,,,,,,,,,,,,,,,,,,,,,
,1,9787560879628 ,,,,遗忘之场 sites of amnesia,,同济大学出版社,,,,,,,,,,,,,,,,,,,,,,
,2,9787560853826 ,,,,建筑退化论,,同济大学出版社,,,,,,,,,,,,,,,,,,,,,,
,2,9787560878461 ,,,,后激进时代的建筑笔记,,同济大学出版社,,,,,,,,,,,,,,,,,,,,,,
,3,9787560859347 ,,,,建筑师在做什么 第一辑,,同济大学出版社,,,,,,,,,,,,,,,,,,,,,,
,10,9787560875804 ,,,,建筑师在做什么 第二辑,,同济大学出版社,,,,,,,,,,,,,,,,,,,,,,
,3,9787560857336 ,,,,小侦探 the little detective,,同济大学出版社,,,,,,,,,,,,,,,,,,,,,,
,1,9787560852874 ,,,,绘本非常建筑,,,,,,,,,,,,,,,,,,,,,,,,
,1,9787564166670 ,,,,表面建筑,,,,,,,,,,,,,,,,,,,,,,,,
,1,9783899559408 ,,,,RICHARDO BOFILL: VISION OF ARCHITECTURE,,,,,,,,,,,,,,,,,,,,,,,,
,1,9787560860657 ,,,,结构制造：日本当代建筑形态研究,,同济大学出版社,,,,,,,,,,,,,,,,,,,,,,
,3,9787560858104 ,,,,建筑结构创新工学,,同济大学出版社,,,,,,,,,,,,,,,,,,,,,,
,10,9787560853802 ,,,,小菜场上的家1,,同济大学出版社,,,,,,,,,,,,,,,,,,,,,,
,3,9787560858531 ,,,,小菜场上的家2,,同济大学出版社,,,,,,,,,,,,,,,,,,,,,,
,1,9787560868042 ,,,,小菜场上的家3,,同济大学出版社,,,,,,,,,,,,,,,,,,,,,,
,1,9787560879710 ,,,,小菜场上的家4,,,,,,,,,,,,,,,,,,,,,,,,
,2,9787560858531 ,,,,建筑教学的共性和差异,,,,,,,,,,,,,,,,,,,,,,,,
,2,9787560875675 ,,,,静物 Still Lite,,同济大学出版社,,,,,,,,,,,,,,,,,,,,,,
,1,,,,,LIVE FEED HARVARD GSD PLATFORM 10,,,,,,,,,,,,,,,,,,,,,,,,
,2,9787560858685 ,,,,建筑七人对谈集,,同济大学出版社,,,,,,,,,,,,,,,,,,,,,,
,2,9787538740400 ,,,,明月构想,,同济大学出版社,,,,,,,,,,,,,,,,,,,,,,
,2,9787560881959 ,,,,新集体与日常,,同济大学出版社,,,,,,,,,,,,,,,,,,,,,,
,9,9787560850061 ,,,,北大园林：败壁与废墟,,同济大学出版社,,,,,,,,,,,,,,,,,,,,,,
,2,9787560878942 ,,,,中国建筑设计作品选2013-2017,,同济大学出版社,,,,,,,,,,,,,,,,,,,,,,
,4,9787560865041 ,,,书架2 抽屉2,一粒迷楼：一百平方米老房子的改造潜力,,同济大学出版社,,,,,,,,,,,,,,,,,,,,,,
,3,9787560856988 ,,,,BIAD UFo建筑工作室,,同济大学出版社,,,,,,,,,,,,,,,,,,,,,,
,3,9787560851358 ,,,,建筑学的属性,,同济大学出版社,,,,,,,,,,,,,,,,,,,,,,
,1,9787560869421 ,,,,同济八骏,,同济大学出版社,,,,,,,,,,,,,,,,,,,,,,
,10,9787560860855 ,,,,塑料外衣：建筑塑料与外墙概览,,同济大学出版社,,,,,,,,,,,,,,,,,,,,,,
,2,9783899559408 ,,,西北书架顶,新观察建筑评论文集,,同济大学出版社,,,,,,,,,,,,,,,,,,,,,,
,1,9787563344932 ,,,,城市漂流：关于三个城市的十二个建筑思考,,,,,,,,,,,,,,,,,,,,,,,,
,4,9787560865287 ,,,,异物感,,同济大学出版社,,,,,,,,,,,,,,,,,,,,,,
,8,9787560860985 ,,,,空中读城,,同济大学出版社,,,,,,,,,,,,,,,,,,,,,,
,6,9787560871394 ,,,,村史留痕,,同济大学出版社,,,,,,,,,,,,,,,,,,,,,,
,5,9787560871400 ,,,,乡村记忆,,同济大学出版社,,,,,,,,,,,,,,,,,,,,,,
,5,9787560871387 ,,,,枣缘社会,,同济大学出版社,,,,,,,,,,,,,,,,,,,,,,
,1,9787560860831 ,,,,多快好省博物馆,,同济大学出版社,,,,,,,,,,,,,,,,,,,,,,
,7,9787560852683 ,,,,南极记忆,,同济大学出版社,,,,,,,,,,,,,,,,,,,,,,
,1,,,,,潘翼联合建筑师事务所,,同济大学出版社,,,,,,,,,,,,,,,,,,,,,,
,26,9787560855912 ,,,,SMART智慧平台——成功度假地产攻略,,同济大学出版社,,,,,,,,,,,,,,,,,,,,,,
,4,9787560850610 ,,,,上海邬达克建筑地图,,同济大学出版社,,,,,,,,,,,,,,,,,,,,,,
,1,9787560847917 ,,,,,,同济大学出版社,,,,,,,,,,,,,,,,,,,,,,
,2,9787560852409 ,,,,上海杂货铺,,同济大学出版社,,,,,,,,,,,,,,,,,,,,,,
,3,9787560856759 ,,,,上海教堂建筑地图,,同济大学出版社,,,,,,,,,,,,,,,,,,,,,,
,1,9787560849430 ,,,,王澍建筑地图,,同济大学出版社,,,,,,,,,,,,,,,,,,,,,,
,1,9787560858678 ,,,,上海外滩建筑地图,,同济大学出版社,,,,,,,,,,,,,,,,,,,,,,
,3,9787560875736 ,,,,上海张爱玲文学地图,,同济大学出版社,,,,,,,,,,,,,,,,,,,,,,
,1,9787560879727 ,,,,上海武康路建筑地图,,同济大学出版社,,,,,,,,,,,,,,,,,,,,,,
,2,9787560859378 ,,,,上海高度,,同济大学出版社,,,,,,,,,,,,,,,,,,,,,,
,2,9787560880723 ,,,,上海松江山水地图,,同济大学出版社,,,,,,,,,,,,,,,,,,,,,,
,2,9787560880747 ,,,,上海松江民俗地图,,同济大学出版社,,,,,,,,,,,,,,,,,,,,,,
,2,9787560856209 ,,,,上海松江建筑地图,,同济大学出版社,,,,,,,,,,,,,,,,,,,,,,
,2,9787560875057 ,,,,上海松江宗教地图,,同济大学出版社,,,,,,,,,,,,,,,,,,,,,,
,1,9787560868325 ,,,,日本手信物语,,同济大学出版社,,,,,,,,,,,,,,,,,,,,,,
,2,9787560868547 ,,,,多彩城市：涂出你的上海,,同济大学出版社,,,,,,,,,,,,,,,,,,,,,,
,4,9787560889498 ,,,,改变：阿科米星的建筑思考,,同济大学出版社,,,,,,,,,,,,,,,,,,,,,,
,1,9787560892146 ,,,,阿科米星2009-2019,,同济大学出版社,,,,,,,,,,,,,,,,,,,,,,
,1,,,TRUE,,嚣闻 Hüman #1,,,,,,,,,,,,,,,,,,,,,,,,
,4,,,,,嚣闻 Hüman #2,218 ,,,,,,,,,,,,,,,,,,,,,,,
,8,2523-577X,,,,Demo #3,158 ,,,,,,,,,,,,,,,,,,,,,,,
,3,9787560864129 ,,,,修复理论 Teoria del Restauro,,,,,,,,,,,,,,,,,,,,,,,,
,1,9787564128067 ,,,,碰撞与冲突：帕拉斯玛建筑随笔录,,,,,,,,,,,,,,,,,,,,,,,,
,1,9787560880402 ,,,,埃拉蒂奥·迪埃斯特  : 结构艺术的创造力,,,,,,,,,,,,,,,,,,,,,,,,
,2,9787560860510 ,,,,反高潮的诗学：坂本一成的建筑,,,,,,,,,,,,,,,,,,,,,,,,
,2,9787560854793 ,,,,特拉维夫百年建城史,,,,,,,,,,,,,,,,,,,,,,,,
,2,9787560885193 ,,,,东京城市更新经验：城市再开发重大案例研究,,,,,,,,,,,,,,,,,,,,,,,,
,1,9787560882543 ,,,,造城者——纽约和伦敦的房地产开发与城市规划,,,,,,,,,,,,,,,,,,,,,,,,
,2,9787560850696 ,,,,当代保护理论,,,,,,,,,,,,,,,,,,,,,,,,
,2,9787560893730 ,,,,弯,,,,,,,,,,,,,,,,,,,,,,,,
,4,9787560881560 ,,,,带孩子，造房子1,,,,,,,,,,,,,,,,,,,,,,,,
,3,9787560881584 ,,,,带孩子，造房子2,,,,,,,,,,,,,,,,,,,,,,,,
,5,9787560881577 ,,,,带孩子，造房子3,,,,,,,,,,,,,,,,,,,,,,,,
,2,9783836520966 ,,,,Art Nouveau，新艺术运动,270 ,TASCHEN,,,,,,,,,,,,,,,,,,,,,,
,2,9783836544115 ,,,,【Basic Architecture】Lautner，约翰·劳特纳,135 ,TASCHEN,,,,,,,,,,,,,,,,,,,,,,
,2,9783836544344 ,,,,【Basic Architecture】Gropius，格罗佩斯,135 ,TASCHEN,,,,,,,,,,,,,,,,,,,,,,
,2,9783836550215 ,,,,【Basic Architecture】Palladio，帕拉第奥,135 ,TASCHEN,,,,,,,,,,,,,,,,,,,,,,
,2,9783836550390 ,,,,【Basic Architecture】Hoffmann，霍夫曼,135 ,TASCHEN,,,,,,,,,,,,,,,,,,,,,,
,2,9783836551021 ,,,,Arts & Architecture 1945-49，1945-49的艺术与建筑,630 ,TASCHEN,,,,,,,,,,,,,,,,,,,,,,
,2,9783836551816 ,,,,【Basic Architecture】DAVID CHIPPERFIELD，大卫·奇普菲尔德,135 ,TASCHEN,,,,,,,,,,,,,,,,,,,,,,
,2,9783836556316 ,,,,【Bibliotheca Universalis】Modern Architecture A–Z，现代建筑师A-Z,180 ,TASCHEN,,,,,,,,,,,,,,,,,,,,,,
,2,9783836556415 ,,,,【Bibliotheca Universalis】Braun/Hogenberg: Cities of the  World，布劳恩：世界的城市,180 ,TASCHEN,,,,,,,,,,,,,,,,,,,,,,
,2,9783836556415 ,,,,【Bibliotheca Universalis】ARCHITECTURAL THEORY，建筑理论,180 ,TASCHEN,,,,,,,,,,,,,,,,,,,,,,
,2,9783836560108 ,,,,【Basic Architecture】AALTO，阿尔托,135 ,TASCHEN,,,,,,,,,,,,,,,,,,,,,,
,2,9783836565547 ,,,,【Bibliotheca Universalis】Bauhaus，包豪斯 1919-1933,180 ,TASCHEN,,,,,,,,,,,,,,,,,,,,,,
,4,9783836560146 ,,,,【Basic Architecture】BAUHAUS，包豪斯,135 ,TASCHEN,,,,,,,,,,,,,,,,,,,,,,
,2,9783836560283 ,,,,【Basic Architecture】Gaudí: the complete works，高迪,135 ,TASCHEN,,,,,,,,,,,,,,,,,,,,,,
,2,9783836560351 ,,,,【Basic Architecture】LE CORBUSIER，勒·柯布西耶,135 ,TASCHEN,,,,,,,,,,,,,,,,,,,,,,
,2,9783836560429 ,,,,【Basic Architecture】MIES VAN DER ROHE，密斯·凡·德·罗,135 ,TASCHEN,,,,,,,,,,,,,,,,,,,,,,
,2,9783836560498 ,,,,【Basic Architecture】WRIGHT，赖特,135 ,TASCHEN,,,,,,,,,,,,,,,,,,,,,,
,2,9783836561563 ,,,,【Bibliotheca Universalis】100 Contemporary Wood  Buildings，100例当代木质建筑,180 ,TASCHEN,,,,,,,,,,,,,,,,,,,,,,
,2,9783836562355 ,,,,100 Contemporary Brick Buildings，100例当代砖建筑,540 ,TASCHEN,,,,,,,,,,,,,,,,,,,,,,
,2,9783836561600 ,,,,【Basic Architecture】Mackintosh，麦金托什,135 ,TASCHEN,,,,,,,,,,,,,,,,,,,,,,
,2,9783836561631 ,,,,【Basic Architecture】Morris，威廉·莫里斯,135 ,TASCHEN,,,,,,,,,,,,,,,,,,,,,,
,2,9783836564335 ,,,,【Basic Architecture】Otto Wagner，奥托·瓦格纳,135 ,TASCHEN,,,,,,,,,,,,,,,,,,,,,,
,2,9783836564366 ,,,,【Basic Architecture】Schindler ，鲁道夫·迈克尔·辛德勒,135 ,TASCHEN,,,,,,,,,,,,,,,,,,,,,,
,2,9783836564397 ,,,,【Basic Architecture】Gio Ponti，吉奥·庞蒂,135 ,TASCHEN,,,,,,,,,,,,,,,,,,,,,,
,2,9783836564465 ,,,,【XL】Gaudí. The Complete Works，安东尼奥·高迪:作品集,540 ,TASCHEN,,,,,,,,,,,,,,,,,,,,,,
,2,9783836564939 ,,,,【Bibliotheca Universalis】100 CONTEMPORARY CONCRETE  BUILDINGS，100座现代混凝土建筑,180 ,TASCHEN,,,,,,,,,,,,,,,,,,,,,,
,2,9783836565059 ,,,,【Bibliotheca Universalis】Frédéric Chaubin，弗雷德里克·舒宾,180 ,TASCHEN,,,,,,,,,,,,,,,,,,,,,,
,2,9783836566315 ,,,,【Bibliotheca Universalis】LIVING IN JAPAN，生活在日本,180 ,TASCHEN,,,,,,,,,,,,,,,,,,,,,,
,2,9783836567053 ,,,,【Basic Art 2.0】Vienna 1900 ，20世纪的维也纳,135 ,TASCHEN,,,,,,,,,,,,,,,,,,,,,,
,2,9783836524094 ,,,,【Basic Art 2.0】CHRISTO AND JEANNE-CLAUDE，克里斯托和珍妮-克劳德,135 ,TASCHEN,,,,,,,,,,,,,,,,,,,,,,
,2,9783836526524 ,,,,【Bibliotheca Universalis】domus 1928-1939，多莫斯设计 1928-1939,180 ,TASCHEN,,,,,,,,,,,,,,,,,,,,,,
,,,,,,domus 1940-1949，多莫斯设计 1940-1949,180 ,,,,,,,,,,,,,,,,,,,,,,,
,2,9783836556644 ,,,,（绝版）【Bibliotheca Universalis】domus 1950-1959，多莫斯设计 1950-1959,180 ,TASCHEN,,,,,,,,,,,,,,,,,,,,,,
,2,9783836526531 ,,,,（绝版）【Bibliotheca Universalis】domus 1970-1979，多莫斯设计 domus  1970-1979,180 ,TASCHEN,,,,,,,,,,,,,,,,,,,,,,
,2,9783836529846 ,,,,【Basic Art 2.0】M.C.ESCHER，M.C.埃舍尔,135 ,TASCHEN,,,,,,,,,,,,,,,,,,,,,,
,2,9783836535496 ,,,,【Basic Architecture】ANDO，安藤忠雄,135 ,TASCHEN,,,,,,,,,,,,,,,,,,,,,,
,2,9783836535601 ,,,,【Basic Architecture】CASE STUDY HOUSES，房屋案例研究,135 ,TASCHEN,,,,,,,,,,,,,,,,,,,,,,
,2,9783836535656 ,,,,【Basic Architecture】CALATRAVA，卡拉特拉瓦,135 ,TASCHEN,,,,,,,,,,,,,,,,,,,,,,
,2,9783836535960 ,,,,【Basic Architecture】NEUTRA，理查德·诺依特拉,135 ,TASCHEN,,,,,,,,,,,,,,,,,,,,,,
,2,9783836536226 ,,,,【Basic Architecture】NIEMEYER，奥斯卡·尼迈耶,135 ,TASCHEN,,,,,,,,,,,,,,,,,,,,,,
,2,9783836536356 ,,,,【Basic Architecture】ZAHA HADID，扎哈·哈迪德,135 ,TASCHEN,,,,,,,,,,,,,,,,,,,,,,
,2,9783836536462 ,,,,【Basic Architecture】PIANO，皮亚诺,135 ,TASCHEN,,,,,,,,,,,,,,,,,,,,,,
,2,9783836536929 ,,,,【Basic Architecture】SHIGERU BAN，坂茂,135 ,TASCHEN,,,,,,,,,,,,,,,,,,,,,,
,2,9783836538503 ,,,,【Bibliotheca Universalis】Hieronymus Bosch，希罗尼穆斯·博斯,180 ,TASCHEN,,,,,,,,,,,,,,,,,,,,,,
,2,9783836543811 ,,,,【Basic Architecture】Prouve，普鲁维（新版）,135 ,TASCHEN,,,,,,,,,,,,,,,,,,,,,,
,2,9783836512442 ,,,,NEUTRA. COMPLETE WORKS，诺伊特拉：作品全集,630 ,TASCHEN,,,,,,,,,,,,,,,,,,,,,,
,2,9783836544498 ,,,,Hartmann Schedel Chronicle of the World-1493 Stephan  Fussel，15世纪的历史生活与城市导读,540 ,TASCHEN,,,,,,,,,,,,,,,,,,,,,,
,2,9783836555982 ,,,,Frank Lloyd Wright，弗兰克·劳埃德·赖特,630 ,TASCHEN,,,,,,,,,,,,,,,,,,,,,,
,2,9783836557399 ,,,,BIG. HOT TO COLD. An Odyssey of Architectural  Adaptation，BIG从热到冷 建筑物的适应能力大集合,450 ,TASCHEN,,,,,,,,,,,,,,,,,,,,,,
,2,9783836578189 ,,,,Julia Watson. Lo—TEK.Design by Radical  Indigenism，朱莉娅·沃森:Lo-TEK本土设计,450 ,TASCHEN,,,,,,,,,,,,,,,,,,,,,,
,2,9783836556149 ,,,,（绝版）KOOLHAAS. ELEMENTS OF ARCHITECTURE，雷姆·库哈斯 建筑要素,1125 ,TASCHEN,,,,,,,,,,,,,,,,,,,,,,
,2,9783836547468 ,,,,（绝版）【Basic Architecture】Albert Frey，阿尔伯特·弗雷,135 ,TASCHEN,,,,,,,,,,,,,,,,,,,,,,
,2,9783836547833 ,,,,（绝版）Christo and Jeanne-Claude: The Floating Piers，克劳德夫妇：浮动工程,270 ,TASCHEN,,,,,,,,,,,,,,,,,,,,,,
,2,9783836561808 ,,,,（绝版）【Bibliotheca Universalis】Modernism Rediscovered，现代主义的重新发现,180 ,TASCHEN,,,,,,,,,,,,,,,,,,,,,,
,2,9783836560214 ,,,,（绝版）【Basic Architecture】EAMES，现代完美主义设计师-埃姆斯夫妇,135 ,TASCHEN,,,,,,,,,,,,,,,,,,,,,,
,2,9783836544672 ,,,,（绝版）【Basic Architecture】Loos，阿道夫·路斯,135 ,TASCHEN,,,,,,,,,,,,,,,,,,,,,,
,2,9783836504935 ,,,,Fritz Kahn: Infographics Pioneer,180 ,TASCHEN,,,,,,,,,,,,,,,,,,,,,,
,2,9783836522168 ,,,,【Bibliotheca Universalis】Industrial Design A-Z ，工业设计 A-Z,180 ,TASCHEN,,,,,,,,,,,,,,,,,,,,,,
,2,9783836554367 ,,,,【Bibliotheca Universalis】Photographers A–Z，摄影师 A-Z,180 ,TASCHEN,,,,,,,,,,,,,,,,,,,,,,
,3,,,,,Citypedia 城事一览,98 ,,,,,杂志,城市,,,,,,,,,,,,,,,,,
,1,9787515510880 ,,TRUE,,黟县百工,,,,,,,,,,,,,,,,,,,,,,,,
,0,,,,,銀色的月球,,,王大闳,,,,,,,,,,,,,,,,,,,,,
,1,9787211080106 ,,,,嵩口模式,,,,,,,,,,,,,,,,,,,,,,,,
,1,9787533687236 ,,,,你的表情就是我的符号,,,,,,,,,,,,,,,,,,,,,,,,
,2,9787501027620 ,,,,中国古建筑考古,,文物出版社,宿白,2009,,,,,,,,,,,,,,,,,,,,
,1,9787513332309 ,,,,入泥,,,,,,,,,,,,,,,,,,,,,,,,
,5,9787508679754 ,,,,草间居游,,,,,,,,,,,,,,,,,,,,,,,,
,1,9787560863832 ,,,,全球城市地方商街：从纽约到上海的日常多样性,,,,,,,,,,,,,,,,,,,,,,,,
,1,9787108028402 ,,TRUE,,神保町书蟲,,,,,,,,,,,,,,,,,,,,,,,,
,2,9787540787165 ,,,,地下室手记,,,,,,,,,,,,,,,,,,,,,,,,
,1,9787020150212 ,,,,爱说教的男人,,,,,,,,,,,,,,,,,,,,,,,,
,1,9787532762897 ,,,,小径分叉的花园,,,,,,,,,,,,,,,,,,,,,,,,
,1,9787229058555 ,,,,源泉,,,,,,,,,,,,,,,,,,,,,,,,
,1,9787534429040 ,,,,第一机械时代的理论与设计,,,,,,,,,,,,,,,,,,,,,,,,
,1,9787542667144 ,,,,轴心时代：人类伟大思想传统的开端,,,,,,,,,,,,,,,,,,,,,,,,
,1,9787535676535 ,,,,四季访书,,,,,,,,,,,,,,,,,,,,,,,,
,1,9787544861793 ,,,,飞机场是怎样工作的,,,,,,,,,,,,,,,,,,,,,,,,
,1,9787515518251 ,,,,书见 第一季,,,,,,,,,,,,,,,,,,,,,,,,
,1,9787515520063 ,,,,书见 第二季,,,,,,,,,,,,,,,,,,,,,,,,
,2,9787535688811 ,,,,接近真相的贝弗莉,,,,,,,,,,,,,,,,,,,,,,,,
,1,,,TRUE,,故事发生在愚园路,,,,,,,,,,,,,,,,,,,,,,,,
,1,9787532156771 ,,TRUE,,定海桥：对历史的艺术实践,,,,,,,,,,,,,,,,,,,,,,,,
,1,,,,,定海游击,,,,,,,,,,,,,,,,,,,,,,,,
,1,,,,,PARKING LOT PROJECT,,,,,,,,,,,,,,,,,,,,,,,,
,1,,,TRUE,,百人一语,,,徐明,,,,,,,,,,,,,,,,,,,,,
,8,9787801737892 ,,,,图说抑郁症治疗,,,,,,,,,,,,,,,,,,,,,,,,
,9,9787560885360 ,,,,美好生活：现代住宅导览| The good life: A guided visit to the houses of Modernity,,,,,,,,,,,,,,,,,,,,,,,,
,1,,,TRUE,前台小屋,关中考,,,,,,,,,,,,,,,,,,,,,,,,
,3,9787560838953 ,,,,上海百年建筑史,,,,,,,,,,,,,,,,,,,,,,,,
,1,9787540493448 ,,,,伦敦人：大城市的日与夜,,,,,,,,,,,,,,,,,,,,,,,,
,3,9787560861470 ,,,,我的美丽乡村2040,,,,,,,,,,,,,,,,,,,,,,,,
,2,9787560868844 ,,,,同济大学景观学系科研教学成果年鉴：2015-2016卷,,,,,,,,,,,,,,,,,,,,,,,,
,3,9787560861494 ,,,,同济大学景观学系科研教学成果年鉴：2014卷,,,,,,,,,,,,,,,,,,,,,,,,
,2,9787560858524 ,,,,不分类的建筑,,,,,,,,,,,,,,,,,,,,,,,,
,1,,,TRUE,,新华录 第1号,,,,,,,,,,,,,,,,,,,,,,,,
,3,,,,,新华录 第2号,35 ,,,,,,,,,,,,,,,,,,,,,,,
,3,,,,,新华录 第3号,45 ,,,,,,,,,,,,,,,,,,,,,,,
,2,9787305224317 ,,,,德勒兹论：音乐、绘画和艺术,,,,,,,,,,,,,,,,,,,,,,,,
,2,9787559201379 ,,,,日式庭院,,,,,,,,,,,,,,,,,,,,,,,,
,2,9787112219599 ,,,,共生的设计,,,,,,,,,,,,,,,,,,,,,,,,
,1,9787560880440 ,,,,住在武康大楼,68 ,,,,,,,,,,,,,,,,,,,,,,,
,3,9787309150278 ,,,,徐家汇源,,,,,,,,,,,,,,,,,,,,,,,,
,1,9787560852997 ,,,,进程：西岸2013建筑与当代艺术双年展 建筑分册,,,,,,,,,,,,,,,,,,,,,,,,
,1,9787560852997 ,,,,进程：西岸2013建筑与当代艺术双年展 艺术分册,,,,,,,,,,,,,,,,,,,,,,,,
,3,9787542658951 ,,,,机器神话（上卷）：技术发展与人文进步,,,,,,,,,,,,,,,,,,,,,,,,
,2,9787542658968 ,,,,机器神话（下卷）：权利五边形,,,,,,,,,,,,,,,,,,,,,,,,
,0,9787100104739 ,,,,技术与文明,,,,,,,,,,,,,,,,,,,,,,,,
,4,9787542654212 ,,,,刘易斯・芒福德读本,,,,,,,,,,,,,,,,,,,,,,,,
,7,9787542664907 ,,,,城市发展史：起源、演变与前景,,,,,,,,,,,,,,,,,,,,,,,,
,3,9787542655295 ,,,,生活的准则,,,,,,,,,,,,,,,,,,,,,,,,
,1,9787553514529 ,,,,梧桐深处：建筑可阅读,,,,,,,,,,,,,,,,,,,,,,,,
,3,9780691147222 ,,,,Lateness,240 ,,,,,,,,,,,,,,,,,,,,,,,
,2,9781580935289 ,,,,Louis Kahn: Architecture as Philosophy,420 ,,,,,,,,,,,,,,,,,,,,,,,
,2,9781943532391 ,,,,Unresolved Legibility In Ten Residential Types,310 ,,,,,,,,,,,,,,,,,,,,,,,
,1,,,,,2G #76: Bruther,390 ,,,,,,,,,,,,,,,,,,,,,,,
,1,9783959052689 ,,,,Black Mountain: an interdisciplinary experiment 1933 1957,430 ,,,,,,,,,,,,,,,,,,,,,,,
,1,9783906027494 ,,,墩子1,The Inhabited Pathway - The Built Work of Alberto Ponis in Sardinia,450 ,,,,,,,,,,,,,,,,,,,,,,,
,4,9783038601531 ,,,,Ideas of Ambiente: History and Bourgeois Ethics in the Construction of Modren Milan 1881-1969,380 ,,,,,,,,,,,,,,,,,,,,,,,
,1,9783038600343 ,,,,Venice Lessons - Industrial Nostalgia. Teaching and Research,380 ,,,,,,,,,,,,,,,,,,,,,,,
,1,9781935935322 ,,,,Cities Without Ground: A Hong Kong Guidebook,160 ,,,,,,,,,,,,,,,,,,,,,,,
,1,9783037783504 ,,,,Young - Old: Urban Utopias of an Aging Society,380 ,,,,,,,,,,,,,,,,,,,,,,,
,1,,,,,Holidays in Soviet Sanatoriums,210 ,,,,,,,,,,,,,,,,,,,,,,,
,4,9780714876672 ,,,墩子1,Pet-tecture: Design for Pets,160 ,,,,,,,,,,,,,,,,,,,,,,,
,5,9780262515795 ,,,,The possibility of an absolute architecture,260 ,,,,,,,,,,,,,,,,,,,,,,,
,1,,,,,Architecture's Desire: Reading the Late Avant-Garde,280 ,,,,,,,,,,,,,,,,,,,,,,,
,9,9783037784433 ,,,,X-ray Architecture,350 ,,,,,,,,,,,,,,,,,,,,,,,
,2,9780500022566 ,,,,Archipelago : an atlas of imagined islands,260 ,,,,,,,,,,,,,,,,,,,,,,,
,5,,,,,你好小朋友,390 ,,,,,,,,,,,,,,,,,,,,,,,
,5,,,,,光景宛如昨,390 ,,,,,,,,,,,,,,,,,,,,,,,
,,,,,,你好小朋友胶片书签，一套10张,98 ,,,,,,,,,,,,,,,,,,,,,,,
,2,,,,,你好小朋友明信片，一套10张,80 ,,,,,,,,,,,,,,,,,,,,,,,
,1,9787121238758 ,,,,离线_Offline#001：开始游戏,,,,,,,,,,,,,,,,,,,,,,,,
,1,9787121251221 ,,,,离线_Offline#002：黑客 hackers: a revisit,,,,,,,,,,,,,,,,,,,,,,,,
,2,9787549566594 ,,,,离线_Offline#003：科幻 imaging technology,,,,,,,,,,,,,,,,,,,,,,,,
,1,9787549571772 ,,,,离线_Offline#004：机器觉醒,,,,,,,,,,,,,,,,,,,,,,,,
,1,,,,,电影作者 vol.23 对话的意志,,,,,,,,,,,,,,,,,,,,,,,,
,1,9787520715423 ,,,,走廊简史,,,,,,,,,,,,,,,,,,,,,,,,
,1,9787516625583 ,,,,未来城市的历史,,,,,,,,,,,,,,,,,,,,,,,,
,1,9787508671932 ,,,,知中：竹林七贤,,,,,,,,,,,,,,,,,,,,,,,,
,1,,,,,隐字上海,188 ,,,,,,,,,,,,,,,,,,,,,,,
,,,,,,中文字体设计研究选集（3册）,200 ,,,,,,,,,,,,,,,,,,,,,,,
,,,,,,白石龙：禁停！,120 ,,,,,,,,,,,,,,,,,,,,,,,
,3,9787208164499 ,,,墩子1 抽屉2,销声匿迹,,,,,,,,,,,,,,,,,,,,,,,,
,2,9787568042642 ,,,书架2,城市之冠,,,,,,,,,,,,,,,,,,,,,,,,
,1,9787530666630 ,,,书架1,自给自足生活简明指南,,,,,,,,,,,,,,,,,,,,,,,,
,1,9787571005795 ,,,书架1,从让纳雷到柯布西耶,,,,,,,,,,,,,,,,,,,,,,,,
,2,,,,,Peace-Village（手工草木染）,155 ,,,,,,,,,,,,,,,,,,,,,,,
,5,,,,,上海地理注疏,45 ,,,,,,,,,,,,,,,,,,,,,,,
,1,,,,,A letter from No.7 JingyunLi （丝巾）,280 ,,,,,,,,,,,,,,,,,,,,,,,
,1,,,,,写母亲「1」,30 ,,,,,,,,,,,,,,,,,,,,,,,
,1,,,,,写母亲「2」,30 ,,,,,,,,,,,,,,,,,,,,,,,
,8,,,,,51个摊,45 ,,,,,,,,,,,,,,,,,,,,,,,
,4,,,,,51人《一位在场者》,65 ,,,,,,,,,,,,,,,,,,,,,,,
,3,,,,,51人《瞬间影像志》,80 ,,,,,,,,,,,,,,,,,,,,,,,
,10,,,,,视力表「米米米米」,20 ,视力表+糧小册子55,,,,,,,,,,,,,,,,,,,,,,
,3,,,,,糧,40 ,,,,,,,,,,,,,,,,,,,,,,,
,4,,,TRUE,,最后一次见,,,,,,,,,,,,,,,,,,,,,,,,
,3,9787566918352 ,,,,楼房花朵,,,,,,,,,,,,,,,,,,,,,,,,
,1,9789620443688 ,,,,香港北魏真书,,,,,,,,,,,,,,,,,,,,,,,,
,1,,,,书架1,岸萤,,,,,,,,,,,,,,,,,,,,,,,,
,2,,,,,How to Thrive in the Next Economy,115 ,,,,,,,,,,,,,,,,,,,,,,,
,3,,,,,Alice Rawsthorn: Design as an Attitude,195 ,,,,,,,,,,,,,,,,,,,,,,,
,,,,,,Design for the Real World,240 ,,,,,,,,,,,,,,,,,,,,,,,
,,,,,,David Adjaye: Constructed Narratives,390 ,,,,,,,,,,,,,,,,,,,,,,,
,,9789862357934 ,,,,折叠都市,133 ,,,,,,,,,,,,,,,,,,,,,,,
,,9783791383002 ,,,,Brutal London: Construct Your Own Concrete Capital，野性伦敦:建设自己的混凝土首都,230 ,,,,,,,,,,,,,,,,,,,,,,,
,,9788395057458 ,,,,Panelki: Construct Your Socialist Prefab Panel Block，搭建你自己的社会主义预制装配式建筑模型,231 ,,,,,,,,,,,,,,,,,,,,,,,
,,9781872005423 ,,,,Home Futures，家居未来,345 ,,,,,,,,,,,,,,,,,,,,,,,
,,9789869597579 ,,,,情熱東京：1970年代回憶錄，日本最後的前衛十年,94 ,,,,,,,,,,,,,,,,,,,,,,,
,,9770216300003 ,,,,F115Science of the Secondary(SGP) -共2期 2020年01期 NO.11 Banana,270 ,,,,,,,,,,,,,,,,,,,,,,,
,,977021630011315 ,,,,F115Science of the Secondary(SGP) NO.4 WINDOW,270 ,,,,,,,,,,,,,,,,,,,,,,,
,,977021630011310 ,,,,F115Science of the Secondary(SGP) NO.5 DOOR,270 ,,,,,,,,,,,,,,,,,,,,,,,
,,9788395057465 ,,,,Concrete Siberia:Soviet Landscapes of the Far North，混凝土西伯利亚：极北的苏联景观,220 ,,,,,,,,,,,,,,,,,,,,,,,
,,9788395057434 ,,,,Eastern Blocks，东方街区：前东欧集团混凝土景观,209 ,,,,,,,,,,,,,,,,,,,,,,,
,,9788394750343 ,,,,Modern East: Build Your Own Modernist DDR，现代东方：建立你自己的现代 DDR,220 ,,,,,,,,,,,,,,,,,,,,,,,
,,9788394750305 ,,,,Brutal East. Build Your Own Brutalist Eastern Bloc，野兽派东部：建筑自己的野兽派东部建筑,208 ,,,,,,,,,,,,,,,,,,,,,,,
,,9783037785805 ,,,,The Architecture of Closed Worlds，封闭世界的架构,390 ,,,,,,,,,,,,,,,,,,,,,,,
,,9789865534097 ,,,,白目英格蘭：穿越到16世紀當混蛋，叫罵吃屎、仇女仇富、一言不合就單挑，莎士比亞也無賴的反指標文化攻略,140 ,,,,,,,,,,,,,,,,,,,,,,,
,,9781419733338 ,,,,Architectural Digest at 100: A Century of Style，100年建筑文摘:一个世纪的风格,800 ,,,,,,,,,,,,,,,,,,,,,,,
,,9783037784419 ,,,,100 Years of Swiss Design，瑞士设计100年,540 ,,,,,,,,,,,,,,,,,,,,,,,
,,9783037785843 ,,,,International Architecture，【Bauhausbücher第一卷首部英文版】国际化建筑设计,455 ,,,,,,,,,,,,,,,,,,,,,,,
,,9783037785881 ,,,,Bauhaus Journal 1926-1931，包豪斯日报1926 - 1931,845 ,,,,,,,,,,,,,,,,,,,,,,,
,,9783037782217 ,,,,Louis Kahn: The Importance of a Drawing，路易斯・卡恩：绘图的重要性,660 ,,,,,,,,,,,,,,,,,,,,,,,
,,9783037785799 ,,,,100 Whites，白百,325 ,,,,,,,,,,,,,,,,,,,,,,,
,,9783037784662 ,,,,Ex-formation，视觉艺术联想集,286 ,,,,,,,,,,,,,,,,,,,,,,,
,,9781419728921 ,,,,The World of Apartamento: ten years of everyday life interiors，公寓世界：十年日常室内设计,480 ,,,,,,,,,,,,,,,,,,,,,,,
,,9781419703942 ,,,,Georgia O‘Keeffe and Her Houses: Ghost Ranch and Abiquiu，乔治亚・奥基佛与她的房子,440 ,,,,,,,,,,,,,,,,,,,,,,,
,,9783945852316 ,,,,Balkrishna Doshi: Architecture for the People，【2018 普利兹克奖得主】巴克里希纳・多西：人们的建筑,690 ,,,,,,,,,,,,,,,,,,,,,,,
,,9783945852200 ,,,,The Eames Furniture Sourcebook，埃姆斯家具资料集,517 ,,,,,,,,,,,,,,,,,,,,,,,
,,9783931936938 ,,,,Alvar Aalto: Second Nature，阿尔瓦・阿尔托：第二天性,690 ,,,,,,,,,,,,,,,,,,,,,,,
,,9783931936747 ,,,,The Furniture of Charles & Ray Eames 埃姆斯夫妇的家具设计,229 ,,,,,,,,,,,,,,,,,,,,,,,
,,9783931936921 ,,,,Louis Kahn : The Power of Architecture,,,,,,,,,,,,,,,,,,,,,,,,
,,9781838661908 ,,,,Atlas of Brutalist Architecture，野兽派建筑地图集,600 ,,,,,,,,,,,,,,,,,,,,,,,
,,9789579057547 ,,,,幻影建築：世界頂尖建築師最想建造的50個夢幻建築,247 ,,,,,,,,,,,,,,,,,,,,,,,
,,9770175000002 ,,,,B128Dirty Furniture(UK) -共2期 2018年02期 No.4,210 ,,,,,,,,,,,,,,,,,,,,,,,
,,9772405820002 ,,,,B129MacGuffin(NL) -共2期 2019年02期 NO.8 20SPR,235 ,,,,,,,,,,,,,,,,,,,,,,,
,,9770167800004 ,,,,B142nomad流浪者(GER) -共2期 2019年02期 issue8,250 ,,,,,,,,,,,,,,,,,,,,,,,
,,9770204600001 ,,,,B190Sindroms Magazine(DEN) -共2期 2020年01期 NO.5 8月刊,270 ,,,,,,,,,,,,,,,,,,,,,,,
,,9784904431559 ,,,,D343quotation Worldwide Creative(日本) -共3期 2018年02期 NO.28,170 ,,,,,,,,,,,,,,,,,,,,,,,
,,,,,,,,,,,,,,,,,,,,,,,,,,,,,,
,,,,,,,,,,,,,,,,,,,,,,,,,,,,,,
,,,,,,,,,,,,,,,,,,,,,,,,,,,,,,
,,,,,,,,,,,,,,,,,,,,,,,,,,,,,,
,,,,,,,,,,,,,,,,,,,,,,,,,,,,,,
,,,,,,,,,,,,,,,,,,,,,,,,,,,,,,
,,,,,,,,,,,,,,,,,,,,,,,,,,,,,,
,,,,,,,,,,,,,,,,,,,,,,,,,,,,,,
,,,,,,,,,,,,,,,,,,,,,,,,,,,,,,
,,,,,,,,,,,,,,,,,,,,,,,,,,,,,,
,,,,,,,,,,,,,,,,,,,,,,,,,,,,,,
,,,,,,,,,,,,,,,,,,,,,,,,,,,,,,
,,,,,,,,,,,,,,,,,,,,,,,,,,,,,,
,,,,,,,,,,,,,,,,,,,,,,,,,,,,,,
,,,,,,,,,,,,,,,,,,,,,,,,,,,,,,
,,,,,,,,,,,,,,,,,,,,,,,,,,,,,,
,,,,,,,,,,,,,,,,,,,,,,,,,,,,,,
,,,,,,,,,,,,,,,,,,,,,,,,,,,,,,
,,,,,,,,,,,,,,,,,,,,,,,,,,,,,,
,,,,,,,,,,,,,,,,,,,,,,,,,,,,,,
,,,,,,,,,,,,,,,,,,,,,,,,,,,,,,
,,,,,,,,,,,,,,,,,,,,,,,,,,,,,,
,,,,,,,,,,,,,,,,,,,,,,,,,,,,,,
,,,,,,,,,,,,,,,,,,,,,,,,,,,,,,
,,,,,,,,,,,,,,,,,,,,,,,,,,,,,,
,,,,,,,,,,,,,,,,,,,,,,,,,,,,,,
,,,,,,,,,,,,,,,,,,,,,,,,,,,,,,
,,,,,,,,,,,,,,,,,,,,,,,,,,,,,,
,,,,,,,,,,,,,,,,,,,,,,,,,,,,,,
,,,,,,,,,,,,,,,,,,,,,,,,,,,,,,
,,,,,,,,,,,,,,,,,,,,,,,,,,,,,,
,,,,,,,,,,,,,,,,,,,,,,,,,,,,,,
,,,,,,,,,,,,,,,,,,,,,,,,,,,,,,
,,,,,,,,,,,,,,,,,,,,,,,,,,,,,,
,,,,,,,,,,,,,,,,,,,,,,,,,,,,,,
,,,,,,,,,,,,,,,,,,,,,,,,,,,,,,
,,,,,,,,,,,,,,,,,,,,,,,,,,,,,,
,,,,,,,,,,,,,,,,,,,,,,,,,,,,,,
,,,,,,,,,,,,,,,,,,,,,,,,,,,,,,
,,,,,,,,,,,,,,,,,,,,,,,,,,,,,,
,,,,,,,,,,,,,,,,,,,,,,,,,,,,,,
,,,,,,,,,,,,,,,,,,,,,,,,,,,,,,
,,,,,,,,,,,,,,,,,,,,,,,,,,,,,,
,,,,,,,,,,,,,,,,,,,,,,,,,,,,,,
,,,,,,,,,,,,,,,,,,,,,,,,,,,,,,
,,,,,,,,,,,,,,,,,,,,,,,,,,,,,,
,,,,,,,,,,,,,,,,,,,,,,,,,,,,,,
,,,,,,,,,,,,,,,,,,,,,,,,,,,,,,
,,,,,,,,,,,,,,,,,,,,,,,,,,,,,,
,,,,,,,,,,,,,,,,,,,,,,,,,,,,,,
,,,,,,,,,,,,,,,,,,,,,,,,,,,,,,
,,,,,,,,,,,,,,,,,,,,,,,,,,,,,,
,,,,,,,,,,,,,,,,,,,,,,,,,,,,,,
,,,,,,,,,,,,,,,,,,,,,,,,,,,,,,
,,,,,,,,,,,,,,,,,,,,,,,,,,,,,,
,,,,,,,,,,,,,,,,,,,,,,,,,,,,,,
,,,,,,,,,,,,,,,,,,,,,,,,,,,,,,
,,,,,,,,,,,,,,,,,,,,,,,,,,,,,,
,,,,,,,,,,,,,,,,,,,,,,,,,,,,,,
,,,,,,,,,,,,,,,,,,,,,,,,,,,,,,
,,,,,,,,,,,,,,,,,,,,,,,,,,,,,,
,,,,,,,,,,,,,,,,,,,,,,,,,,,,,,
,,,,,,,,,,,,,,,,,,,,,,,,,,,,,,
,,,,,,,,,,,,,,,,,,,,,,,,,,,,,,
,,,,,,,,,,,,,,,,,,,,,,,,,,,,,,
,,,,,,,,,,,,,,,,,,,,,,,,,,,,,,
,,,,,,,,,,,,,,,,,,,,,,,,,,,,,,
,,,,,,,,,,,,,,,,,,,,,,,,,,,,,,
,,,,,,,,,,,,,,,,,,,,,,,,,,,,,,
,,,,,,,,,,,,,,,,,,,,,,,,,,,,,,
,,,,,,,,,,,,,,,,,,,,,,,,,,,,,,
,,,,,,,,,,,,,,,,,,,,,,,,,,,,,,
,,,,,,,,,,,,,,,,,,,,,,,,,,,,,,
,,,,,,,,,,,,,,,,,,,,,,,,,,,,,,
,,,,,,,,,,,,,,,,,,,,,,,,,,,,,,
,,,,,,,,,,,,,,,,,,,,,,,,,,,,,,
,,,,,,,,,,,,,,,,,,,,,,,,,,,,,,
,,,,,,,,,,,,,,,,,,,,,,,,,,,,,,
,,,,,,,,,,,,,,,,,,,,,,,,,,,,,,
